FOND_SC_CODE,SCHUL_KND_SC_CODE,ADRCD_NM,JU_ORG_NM,ATPT_OFCDC_ORG_NM,JU_ORG_CODE,AMT8,PBAN_EXCP_YN,AMT7,FAS_DTN_SC_CODE,PBAN_REV_EX_SC_CODE,AMT6,AMT5,AMT4,AMT3,AMT2,SCHUL_CODE,AMT1,YESAN_PER_HEAD,ATPT_OFCDC_ORG_CODE,LCTN_SC_CODE,BNHH_YN,SCHUL_NM,SCHUL_CRSE_SC_VALUE_NM,SCHUL_CRSE_SC_VALUE,PBAN_EXCP_RSN
국립,2,인천광역시 계양구,교육부,인천광역시교육청,A000000001,0,N,63118750,복식부기,결산세출,451630560,229833520,449227380,365633180,619656310,S000003564,50868780,3905373.9,A000000001,4,N,경인교육대학교부설초등학교,초,2.0,
공립,2,인천광역시 강화군,인천광역시강화교육지원청,인천광역시교육청,E100000070,40442870,N,0,복식부기,결산세출,241881810,628767910,637193440,589523570,859940770,S040000330,61172730,5706946.1,E100000001,4,N,갑룡초등학교,,,
공립,2,인천광역시 강화군,인천광역시강화교육지원청,인천광역시교육청,E100000070,36416890,N,120553690,미지정,결산세출,317745370,217005620,417014020,341697730,607262000,S040000331,31359960,6782647.0,E100000001,4,N,강화초등학교,초,2.0,
공립,2,인천광역시 강화군,인천광역시강화교육지원청,인천광역시교육청,E100000070,18387310,N,0,복식부기,결산세출,218495400,310103740,204243780,160714350,328701120,S040000333,25868730,37250424.4,E100000001,4,N,교동초등학교,초,2.0,
공립,2,인천광역시 강화군,인천광역시강화교육지원청,인천광역시교육청,E100000070,14382680,N,246254830,복식부기,결산세출,248344020,497234760,289301430,263873540,521732900,S040000334,38004080,9902468.4,E100000001,4,N,길상초등학교,초,2.0,
공립,2,인천광역시 강화군,인천광역시강화교육지원청,인천광역시교육청,E100000070,1966040,N,30000000,미지정,결산세출,283908210,445568760,216162350,233705980,550312450,S040000338,18168500,48102494.3,E100000001,4,N,내가초등학교,,,
공립,2,인천광역시 강화군,인천광역시강화교육지원청,인천광역시교육청,E100000070,19017910,N,39476000,복식부기,결산세출,253227680,296490800,300452410,200704430,358033460,S040000342,30993990,12806809.2,E100000001,4,N,대월초등학교,,,
공립,2,인천광역시 강화군,인천광역시강화교육지원청,인천광역시교육청,E100000070,9504990,N,0,복식부기,결산세출,195947320,480299000,171731740,113660330,165453200,S040000345,22745690,19322371.2,E100000001,4,N,명신초등학교,,,
공립,2,인천광역시 강화군,인천광역시강화교육지원청,인천광역시교육청,E100000070,43732490,N,0,복식부기,결산세출,194947680,217467370,202291730,139562330,320384080,S040000349,21885680,13738209.2,E100000001,4,N,불은초등학교,,,
공립,2,인천광역시 강화군,인천광역시강화교육지원청,인천광역시교육청,E100000070,18395190,N,0,미지정,결산세출,168491010,206629950,169441820,115951420,232803440,S040000350,23824790,55031624.7,E100000001,4,N,삼산초등학교,,,
공립,2,인천광역시 강화군,인천광역시강화교육지원청,인천광역시교육청,E100000070,209390,N,0,복식부기,결산세출,261751440,77455330,241449960,199414150,264288120,S040000354,15823000,31187982.1,E100000001,4,N,삼성초등학교,초,2.0,
공립,2,인천광역시 강화군,인천광역시강화교육지원청,인천광역시교육청,E100000070,2518010,N,0,미지정,결산세출,117246900,97139070,108490180,41530560,42905930,S040000355,6172400,104000762.5,E100000001,4,N,서도초등학교,초,2.0,
공립,2,인천광역시 강화군,인천광역시강화교육지원청,인천광역시교육청,E100000070,20468440,N,0,복식부기,결산세출,264137730,256598040,466006710,289552630,593711530,S040000360,56416070,7818840.0,E100000001,4,N,선원초등학교,,,
공립,2,인천광역시 강화군,인천광역시강화교육지원청,인천광역시교육청,E100000070,6536250,N,0,미지정,결산세출,213196090,110302900,277414470,119319380,264268530,S040000364,20365700,21070902.5,E100000001,4,N,송해초등학교,,,
공립,2,인천광역시 강화군,인천광역시강화교육지원청,인천광역시교육청,E100000070,15846130,N,0,복식부기,결산세출,177306680,185754730,191705330,118149470,188558830,S040000367,29814340,13744477.4,E100000001,4,N,양도초등학교,,,
공립,2,인천광역시 강화군,인천광역시강화교육지원청,인천광역시교육청,E100000070,27146400,N,0,미지정,결산세출,184135930,454119610,226753600,163612390,288364180,S040000368,24741110,35099313.3,E100000001,4,N,양사초등학교,,,
공립,2,인천광역시 강화군,인천광역시강화교육지원청,인천광역시교육청,E100000070,8372470,N,185863200,복식부기,결산세출,187963470,162774160,144247420,246272170,347200950,S040000371,15973170,30201558.4,E100000001,4,N,조산초등학교,,,
공립,2,인천광역시 강화군,인천광역시강화교육지원청,인천광역시교육청,E100000070,8975790,N,0,복식부기,결산세출,214092350,273063690,190498720,217019700,439282910,S040000373,19131400,25699331.3,E100000001,4,N,하점초등학교,초,2.0,
공립,2,인천광역시 강화군,인천광역시강화교육지원청,인천광역시교육청,E100000070,31528260,N,0,복식부기,결산세출,246124330,386098820,320816310,350898290,408955080,S040000374,30414160,11023821.4,E100000001,4,N,합일초등학교,,,
공립,2,인천광역시 강화군,인천광역시강화교육지원청,인천광역시교육청,E100000070,18560100,N,0,복식부기,결산세출,167470620,152723938,174483780,118131792,265438980,S040000375,52648570,33909206.4,E100000001,4,N,해명초등학교,,,
공립,2,인천광역시 강화군,인천광역시강화교육지원청,인천광역시교육청,E100000070,3045940,N,0,복식부기,결산세출,152178830,207432070,194470930,170198160,351644070,S040000378,21160840,12501486.8,E100000001,4,N,화도초등학교,,,
공립,2,인천광역시 옹진군,인천광역시남부교육지원청,인천광역시교육청,E100000082,258340,N,0,미지정,결산세출,136094380,60003300,147751900,83085450,48286200,S040000448,5190880,18487325.0,E100000001,4,N,대청초등학교,초,2.0,
공립,2,인천광역시 옹진군,인천광역시남부교육지원청,인천광역시교육청,E100000082,9708700,N,44075340,복식부기,결산세출,112271150,20693730,84218320,155565760,62022540,S040000450,11859750,19246741.9,E100000001,4,N,덕적초등학교,,,
공립,2,인천광역시 옹진군,인천광역시남부교육지원청,인천광역시교육청,E100000082,133000,N,231692880,복식부기,결산세출,177627390,183604320,126950820,109667280,200575170,S040000455,15711030,15158868.0,E100000001,4,N,백령초등학교,초,2.0,
공립,2,인천광역시 옹진군,인천광역시남부교육지원청,인천광역시교육청,E100000082,31889580,N,0,미지정,결산세출,388772255,71301610,134936160,191300695,336417750,S040000457,26433430,9015660.2,E100000001,4,N,북포초등학교,,,
공립,2,인천광역시 옹진군,인천광역시남부교육지원청,인천광역시교육청,E100000082,0,N,0,미지정,결산세출,163499941,146407710,141626990,274508080,71563500,S040000462,14183000,19799737.1,E100000001,4,N,연평초등학교,,,
공립,2,인천광역시 옹진군,인천광역시남부교육지원청,인천광역시교육청,E100000082,73661920,N,0,미지정,결산세출,238113030,287303080,203017120,302224370,862913010,S040000465,30540290,8800761.3,E100000001,4,N,영흥초등학교,,,
공립,2,인천광역시 중구,인천광역시남부교육지원청,인천광역시교육청,E100000082,19988990,N,0,복식부기,결산세출,486639620,665136577,504743480,426439703,751816860,S040000471,58663880,5850259.3,E100000001,4,N,인천공항초등학교,초,2.0,
공립,2,인천광역시 미추홀구,인천광역시남부교육지원청,인천광역시교육청,E100000082,14094630,N,0,미지정,결산세출,305017130,268912570,424622000,440128930,707142550,S040000472,47940300,3607611.3,E100000001,4,N,인천관교초등학교,,,
공립,2,인천광역시 미추홀구,인천광역시남부교육지원청,인천광역시교육청,E100000082,38357190,N,0,미지정,결산세출,374338240,357368820,433779560,545460010,676144630,S040000474,68112740,4367007.3,E100000001,4,N,인천남부초등학교,,,
공립,2,인천광역시 미추홀구,인천광역시남부교육지원청,인천광역시교육청,E100000082,10416500,N,0,복식부기,결산세출,344450736,454366436,414610280,445301528,800422310,S040000475,38794750,5291904.1,E100000001,4,N,인천대화초등학교,,,
공립,2,인천광역시 미추홀구,인천광역시남부교육지원청,인천광역시교육청,E100000082,73683770,N,0,복식부기,결산세출,420807580,393196890,697671620,778963540,1128607870,S040000476,68721760,3710055.2,E100000001,4,N,인천도화초등학교,,,
공립,2,인천광역시 동구,인천광역시남부교육지원청,인천광역시교육청,E100000082,45273340,N,0,복식부기,결산세출,333610260,390598660,463042740,379429800,625225560,S040000479,42518810,5533250.4,E100000001,4,N,인천만석초등학교,초,2.0,
공립,2,인천광역시 미추홀구,인천광역시남부교육지원청,인천광역시교육청,E100000082,14967850,N,94916000,미지정,결산세출,596416560,97140360,519143370,527020880,825004130,S040000480,36539480,3823905.0,E100000001,4,N,인천문학초등학교,,,
공립,2,인천광역시 미추홀구,인천광역시남부교육지원청,인천광역시교육청,E100000082,13327250,N,0,미지정,결산세출,308699440,252710830,198965350,317125980,494463760,S040000482,26940530,5737484.5,E100000001,4,N,인천백학초등학교,초,2.0,
공립,2,인천광역시 동구,인천광역시남부교육지원청,인천광역시교육청,E100000082,27775690,N,107852000,복식부기,결산세출,404151360,244717140,572057710,533758910,811518450,S040000483,33647740,4426341.4,E100000001,4,N,인천서림초등학교,,,
공립,2,인천광역시 미추홀구,인천광역시남부교육지원청,인천광역시교육청,E100000082,68886460,N,30000000,미지정,결산세출,524346150,508393680,975443280,1028238610,1489000250,S040000484,364791020,3581550.2,E100000001,4,N,인천서화초등학교,,,
공립,2,인천광역시 동구,인천광역시남부교육지원청,인천광역시교육청,E100000082,35458630,N,0,미지정,결산세출,357286910,465602030,545721980,676544310,720335140,S040000485,49849550,5535531.2,E100000001,4,N,인천서흥초등학교,,,
공립,2,인천광역시 미추홀구,인천광역시남부교육지원청,인천광역시교육청,E100000082,55547810,N,61851930,미지정,결산세출,497353440,443107220,507865450,440341600,1080752010,S040000486,61191390,3414328.5,E100000001,4,N,인천석암초등학교,초,2.0,
공립,2,인천광역시 동구,인천광역시남부교육지원청,인천광역시교육청,E100000082,16527540,N,204879400,미지정,결산세출,417451880,71574350,386227400,834752070,508636240,S040000487,49321310,7475586.2,E100000001,4,N,인천송림초등학교,,,
공립,2,인천광역시 중구,인천광역시남부교육지원청,인천광역시교육청,E100000082,19740960,N,0,복식부기,결산세출,371477325,271199950,247444010,252433885,481601460,S040000488,36008830,7850030.0,E100000001,4,N,인천송월초등학교,초,2.0,
공립,2,인천광역시 동구,인천광역시남부교육지원청,인천광역시교육청,E100000082,28671900,N,0,복식부기,결산세출,731635960,387045430,502679620,527456330,781738810,S040000489,50830300,4942624.5,E100000001,4,N,인천송현초등학교,,,
공립,2,인천광역시 미추홀구,인천광역시남부교육지원청,인천광역시교육청,E100000082,32936690,N,0,미지정,결산세출,460964190,407211840,646797670,743298760,2028289320,S040000490,74211760,3341224.5,E100000001,4,N,인천숭의초등학교,,,
공립,2,인천광역시 미추홀구,인천광역시남부교육지원청,인천광역시교육청,E100000082,13009610,N,0,미지정,결산세출,302942090,187393910,397355970,378414810,660252790,S040000491,39853790,3982340.0,E100000001,4,N,인천승학초등학교,초,2.0,
공립,2,인천광역시 중구,인천광역시남부교육지원청,인천광역시교육청,E100000082,0,N,0,복식부기,결산세출,607901750,241684680,419080680,514672010,845689720,S040000492,48969330,3719441.9,E100000001,4,N,인천신광초등학교,초,2.0,
공립,2,인천광역시 중구,인천광역시남부교육지원청,인천광역시교육청,E100000082,23679210,N,0,미지정,결산세출,484735410,278473490,426959650,518307750,574972550,S040000493,37285960,6936136.2,E100000001,4,N,인천신선초등학교,초,2.0,
공립,2,인천광역시 중구,인천광역시남부교육지원청,인천광역시교육청,E100000082,13526770,N,0,복식부기,결산세출,280001608,464039100,498052880,653490352,565682570,S040000494,49590400,6643114.9,E100000001,4,N,인천신흥초등학교,,,
공립,2,인천광역시 중구,인천광역시남부교육지원청,인천광역시교육청,E100000082,12781930,N,75642000,복식부기,결산세출,220500040,237194720,391241490,314250920,401229490,S040000496,36679020,11042611.8,E100000001,4,N,인천연안초등학교,,,
공립,2,인천광역시 중구,인천광역시남부교육지원청,인천광역시교육청,E100000082,102884140,N,139793000,미지정,결산세출,619400810,409218720,1054822820,858463130,1551345960,S040000497,89232460,3977873.9,E100000001,4,N,인천영종초등학교,,,
공립,2,인천광역시 중구,인천광역시남부교육지원청,인천광역시교육청,E100000082,35944510,N,0,복식부기,결산세출,294912640,306289910,190992710,134231240,473484150,S040000500,18065890,31606979.3,E100000001,4,N,인천용유초등학교,,,
공립,2,인천광역시 미추홀구,인천광역시남부교육지원청,인천광역시교육청,E100000082,21718790,N,66280000,복식부기,결산세출,458575610,224052140,594074120,497624840,760142140,S040000502,44357810,5158269.7,E100000001,4,N,인천용일초등학교,,,
공립,2,인천광역시 미추홀구,인천광역시남부교육지원청,인천광역시교육청,E100000082,23409980,N,0,복식부기,결산세출,219159660,355547940,226014270,436243950,464999270,S040000503,36176500,7370508.7,E100000001,4,N,인천용정초등학교,,,
공립,2,인천광역시 미추홀구,인천광역시남부교육지원청,인천광역시교육청,E100000082,48097670,N,3000000,복식부기,결산세출,547122980,443964010,676772480,653089090,1190985490,S040000504,77992620,3295044.7,E100000001,4,N,인천용현남초등학교,,,
공립,2,인천광역시 미추홀구,인천광역시남부교육지원청,인천광역시교육청,E100000082,22002930,N,0,복식부기,결산세출,383175460,366856150,612387070,764054910,1336261450,S040000506,87234960,2920664.7,E100000001,4,N,인천용현초등학교,초,2.0,
공립,2,인천광역시 중구,인천광역시남부교육지원청,인천광역시교육청,E100000082,13460480,N,77771000,미지정,결산세출,314985150,131440040,352728410,373008020,596251070,S040000507,43419840,4238449.9,E100000001,4,N,인천운서초등학교,초,2.0,
공립,2,인천광역시 미추홀구,인천광역시남부교육지원청,인천광역시교육청,E100000082,52997780,N,0,미지정,결산세출,317466600,561413590,513242500,431372190,756872240,S040000509,86650320,4352024.4,E100000001,4,N,인천인주초등학교,,,
공립,2,인천광역시 미추홀구,인천광역시남부교육지원청,인천광역시교육청,E100000082,32743050,N,0,미지정,결산세출,759135830,143467880,398372850,356134940,919626040,S040000510,42915640,4264302.6,E100000001,4,N,인천주안남초등학교,,,
공립,2,인천광역시 미추홀구,인천광역시남부교육지원청,인천광역시교육청,E100000082,8562690,N,0,미지정,결산세출,316622190,374330160,259126500,351481310,564666220,S040000511,33983640,5186882.4,E100000001,4,N,인천주안북초등학교,,,
공립,2,인천광역시 미추홀구,인천광역시남부교육지원청,인천광역시교육청,E100000082,59379200,N,139932080,미지정,결산세출,347316352,208432000,482253740,489225158,1051014980,S040000512,64015490,4385137.3,E100000001,4,N,인천주안초등학교,초,2.0,
공립,2,인천광역시 동구,인천광역시남부교육지원청,인천광역시교육청,E100000082,107233950,N,0,미지정,결산세출,362318270,352390860,375066760,308000980,454248840,S040000513,84008370,11288773.6,E100000001,4,N,인천창영초등학교,초,2.0,
공립,2,인천광역시 미추홀구,인천광역시남부교육지원청,인천광역시교육청,E100000082,7900210,N,0,미지정,결산세출,259378050,398518360,420395370,311104110,423553350,S040000515,30680150,8775021.8,E100000001,4,N,인천연학초등학교,,,
공립,2,인천광역시 미추홀구,인천광역시남부교육지원청,인천광역시교육청,E100000082,8163560,N,0,복식부기,결산세출,318751220,230015700,613798380,419037670,669121970,S040000516,42653850,4375555.8,E100000001,4,N,인천학익초등학교,,,
공립,2,인천광역시 남동구,인천광역시동부교육지원청,인천광역시교육청,E100000117,12964920,N,0,복식부기,결산세출,371612350,253467050,602623860,396275780,747548700,S040000639,43986390,4352113.0,E100000001,4,N,상인천초등학교,,,
공립,2,인천광역시 남동구,인천광역시동부교육지원청,인천광역시교육청,E100000117,24930460,N,30155000,복식부기,결산세출,379112310,218507610,684006610,586549170,798927550,S040000641,370793050,6273796.7,E100000001,4,N,인천간석초등학교,,,
공립,2,인천광역시 남동구,인천광역시동부교육지원청,인천광역시교육청,E100000117,44070590,N,0,미지정,결산세출,429167260,668860140,634265580,645328470,1043538170,S040000642,61639190,4178755.2,E100000001,4,N,인천구월서초등학교,,,
공립,2,인천광역시 남동구,인천광역시동부교육지원청,인천광역시교육청,E100000117,12410360,N,0,미지정,결산세출,366516020,365522460,463135810,434656930,642963110,S040000643,64112460,5232332.2,E100000001,4,N,인천구월초등학교,,,
공립,2,인천광역시 남동구,인천광역시동부교육지원청,인천광역시교육청,E100000117,25454770,N,0,미지정,결산세출,331555490,298227940,317745320,466696300,708133190,S040000644,45828600,4413765.8,E100000001,4,N,인천남동초등학교,초,2.0,
공립,2,인천광역시 남동구,인천광역시동부교육지원청,인천광역시교육청,E100000117,19290990,N,0,미지정,결산세출,343401140,333631777,362226330,457967640,597260710,S040000645,56443880,5229451.7,E100000001,4,N,인천남촌초등학교,초,2.0,
공립,2,인천광역시 남동구,인천광역시동부교육지원청,인천광역시교육청,E100000117,16307030,N,0,복식부기,결산세출,372541860,586372230,697793640,539082670,786469670,S040000646,75625460,4234425.0,E100000001,4,N,인천논곡초등학교,,,
공립,2,인천광역시 남동구,인천광역시동부교육지원청,인천광역시교육청,E100000117,14213800,N,0,미지정,결산세출,180184510,291111360,501846000,379662530,758029460,S040000647,52271580,2970421.9,E100000001,4,N,인천논현초등학교,,,
공립,2,인천광역시 연수구,인천광역시동부교육지원청,인천광역시교육청,E100000117,103710,N,256399200,복식부기,결산세출,434750410,385476570,584512810,542598290,995564580,S040000648,62945690,3719898.8,E100000001,4,N,인천능허대초등학교,초,2.0,
공립,2,인천광역시 남동구,인천광역시동부교육지원청,인천광역시교육청,E100000117,5403010,N,0,복식부기,결산세출,264889010,634272130,287904510,381158340,680231850,S040000649,57004630,4295285.3,E100000001,4,N,인천담방초등학교,,,
공립,2,인천광역시 남동구,인천광역시동부교육지원청,인천광역시교육청,E100000117,9398530,N,0,미지정,결산세출,333615710,473049460,405421190,396134600,727166750,S040000650,48504540,4884266.9,E100000001,4,N,인천도림초등학교,초,2.0,
공립,2,인천광역시 연수구,인천광역시동부교육지원청,인천광역시교육청,E100000117,24299150,N,0,복식부기,결산세출,281218780,329756810,416957690,347167990,611208800,S040000651,39837330,4092707.7,E100000001,4,N,인천동막초등학교,,,
공립,2,인천광역시 남동구,인천광역시동부교육지원청,인천광역시교육청,E100000117,10970040,N,0,미지정,결산세출,255299510,501641070,466156810,471076720,876680730,S040000652,43329260,5048373.3,E100000001,4,N,인천동부초등학교,초,2.0,
공립,2,인천광역시 연수구,인천광역시동부교육지원청,인천광역시교육청,E100000117,25009180,N,0,미지정,결산세출,301693080,452314120,578887440,572020700,849245600,S040000653,66180110,4545287.9,E100000001,4,N,인천동춘초등학교,초,2.0,
공립,2,인천광역시 남동구,인천광역시동부교육지원청,인천광역시교육청,E100000117,74115940,N,49500000,복식부기,결산세출,358133120,319972890,342835640,603547750,1021948660,S040000654,63059810,3226781.1,E100000001,4,N,인천만수북초등학교,,,
공립,2,인천광역시 남동구,인천광역시동부교육지원청,인천광역시교육청,E100000117,12149070,N,0,미지정,결산세출,337801740,299164530,361826090,630492600,412004220,S040000655,31126920,7866283.7,E100000001,4,N,인천만수초등학교,,,
공립,2,인천광역시 남동구,인천광역시동부교육지원청,인천광역시교육청,E100000117,19473890,N,0,미지정,결산세출,453126260,395488970,981258180,835445030,1411069240,S040000656,78819550,3117760.4,E100000001,4,N,인천만월초등학교,,,
공립,2,인천광역시 연수구,인천광역시동부교육지원청,인천광역시교육청,E100000117,24041890,N,0,복식부기,결산세출,324689610,236477570,635022700,471813200,825114670,S040000657,66174830,4500582.7,E100000001,4,N,인천문남초등학교,,,
공립,2,인천광역시 남동구,인천광역시동부교육지원청,인천광역시교육청,E100000117,25883310,N,0,복식부기,결산세출,367531430,517382960,686650420,524760900,1036472610,S040000659,50652190,3336105.8,E100000001,4,N,인천석정초등학교,,,
공립,2,인천광역시 남동구,인천광역시동부교육지원청,인천광역시교육청,E100000117,53614410,N,4947000,미지정,결산세출,405009480,600213520,715420350,559433970,1141898560,S040000660,69167250,3155292.9,E100000001,4,N,인천석천초등학교,,,
공립,2,인천광역시 연수구,인천광역시동부교육지원청,인천광역시교육청,E100000117,18749650,N,0,복식부기,결산세출,316204620,254912126,654897960,474547622,733427532,S040000661,60359320,4237940.7,E100000001,4,N,인천선학초등학교,,,
공립,2,인천광역시 남동구,인천광역시동부교육지원청,인천광역시교육청,E100000117,31880620,N,0,복식부기,결산세출,365683150,379782280,571768150,435344510,939696690,S040000663,54094060,3626957.5,E100000001,4,N,인천성리초등학교,,,
공립,2,인천광역시 남동구,인천광역시동부교육지원청,인천광역시교육청,E100000117,7554640,N,64500000,미지정,결산세출,312648030,481466350,625867390,675594040,663747320,S040000664,59142530,5035749.7,E100000001,4,N,인천소래초등학교,,,
공립,2,인천광역시 연수구,인천광역시동부교육지원청,인천광역시교육청,E100000117,5447940,N,24687000,복식부기,결산세출,304568820,229509330,419557300,333442550,596322880,S040000665,62569850,5119444.7,E100000001,4,N,인천송도초등학교,,,
공립,2,인천광역시 남동구,인천광역시동부교육지원청,인천광역시교육청,E100000117,13842230,N,0,복식부기,결산세출,396165580,442310950,404657770,494877160,877551570,S040000666,50883850,4323047.0,E100000001,4,N,인천약산초등학교,,,
공립,2,인천광역시 연수구,인천광역시동부교육지원청,인천광역시교육청,E100000117,56766900,N,0,미지정,결산세출,373290260,390627880,483038870,436688370,1059035450,S040000667,51308700,2944996.3,E100000001,4,N,인천연성초등학교,,,
공립,2,인천광역시 연수구,인천광역시동부교육지원청,인천광역시교육청,E100000117,18717560,N,0,미지정,결산세출,304333680,467129670,345402790,519957920,544126280,S040000668,35352200,6243072.9,E100000001,4,N,인천연수초등학교,,,
공립,2,인천광역시 연수구,인천광역시동부교육지원청,인천광역시교육청,E100000117,21559740,N,0,복식부기,결산세출,231746480,274514500,380857500,404233650,835054550,S040000669,58863850,3245338.6,E100000001,4,N,인천연화초등학교,,,
공립,2,인천광역시 연수구,인천광역시동부교육지원청,인천광역시교육청,E100000117,17810920,N,0,미지정,결산세출,396381920,314822750,467248710,487534780,993225470,S040000670,51915730,3080068.0,E100000001,4,N,인천옥련초등학교,,,
공립,2,인천광역시 남동구,인천광역시동부교육지원청,인천광역시교육청,E100000117,52774290,N,0,미지정,결산세출,308637260,850490690,547361640,609726770,1150737910,S040000671,75545010,3504165.3,E100000001,4,N,인천인동초등학교,초,2.0,
공립,2,인천광역시 남동구,인천광역시동부교육지원청,인천광역시교육청,E100000117,17717460,N,0,복식부기,결산세출,270246270,227139130,319286030,383966030,516849920,S040000673,33725300,5025369.7,E100000001,4,N,인천인수초등학교,,,
공립,2,인천광역시 남동구,인천광역시동부교육지원청,인천광역시교육청,E100000117,12465820,N,0,복식부기,결산세출,263766560,432663760,230625910,561723380,418356820,S040000674,27419720,11520840.1,E100000001,4,N,인천장수초등학교,초,2.0,
공립,2,인천광역시 남동구,인천광역시동부교육지원청,인천광역시교육청,E100000117,27680140,N,102920000,미지정,결산세출,308993160,311212960,321924960,486121540,946859640,S040000675,48653940,4366438.2,E100000001,4,N,인천조동초등학교,초,2.0,
공립,2,인천광역시 남동구,인천광역시동부교육지원청,인천광역시교육청,E100000117,11578810,N,0,복식부기,결산세출,319623420,582111760,343983940,368724450,418672320,S040000676,34528470,7816628.5,E100000001,4,N,인천주원초등학교,,,
공립,2,인천광역시 연수구,인천광역시동부교육지원청,인천광역시교육청,E100000117,19221950,N,0,미지정,결산세출,319410420,298060610,297613990,407747160,531225120,S040000677,260623720,6167349.6,E100000001,4,N,인천중앙초등학교,,,
공립,2,인천광역시 연수구,인천광역시동부교육지원청,인천광역시교육청,E100000117,10705010,N,0,복식부기,결산세출,313939580,275907010,341931690,416299340,718771730,S040000678,38909090,3201911.4,E100000001,4,N,인천청량초등학교,,,
공립,2,인천광역시 연수구,인천광역시동부교육지원청,인천광역시교육청,E100000117,90854280,N,0,미지정,결산세출,335109270,549574950,500169360,478127310,787556130,S040000679,52982220,5622481.9,E100000001,4,N,인천청학초등학교,,,
공립,2,인천광역시 연수구,인천광역시동부교육지원청,인천광역시교육청,E100000117,19313760,N,0,미지정,결산세출,298349330,522445070,495174040,483595540,864831600,S040000680,45474070,5159136.9,E100000001,4,N,인천함박초등학교,,,
공립,2,인천광역시 서구,인천광역시서부교육지원청,인천광역시교육청,E100001748,38688900,N,0,복식부기,결산세출,316975000,209319760,493177160,404366850,517550490,S040000802,44418800,6637695.0,E100000001,4,N,인천가림초등학교,,,
공립,2,인천광역시 서구,인천광역시서부교육지원청,인천광역시교육청,E100001748,27131150,N,96400340,복식부기,결산세출,358009150,302097710,319989610,355534940,494751430,S040000803,30578370,7087473.9,E100000001,4,N,인천가석초등학교,초,2.0,
공립,2,인천광역시 서구,인천광역시서부교육지원청,인천광역시교육청,E100001748,13513170,N,0,미지정,결산세출,471885660,748526660,638920330,619692910,820364760,S040000804,44707000,4223409.4,E100000001,4,N,인천가정초등학교,,,
공립,2,인천광역시 서구,인천광역시서부교육지원청,인천광역시교육청,E100001748,13133250,N,0,복식부기,결산세출,520554450,293247540,206150820,348605860,601958650,S040000805,43174210,4153329.5,E100000001,4,N,인천가좌초등학교,,,
공립,2,인천광역시 서구,인천광역시서부교육지원청,인천광역시교육청,E100001748,37246240,N,0,복식부기,결산세출,435834810,761259250,971902000,910727840,1676322690,S040000806,95702940,2990211.5,E100000001,4,N,인천가현초등학교,초,2.0,
공립,2,인천광역시 부평구,인천광역시북부교육지원청,인천광역시교육청,E100000150,21373340,N,0,복식부기,결산세출,472972940,327468460,229438190,225321940,470645430,S040000807,26946700,6570988.9,E100000001,4,N,인천갈산초등학교,초,2.0,
공립,2,인천광역시 부평구,인천광역시북부교육지원청,인천광역시교육청,E100000150,11167350,N,0,미지정,결산세출,361248670,518951280,470862580,421899940,767603270,S040000808,42692140,4253156.1,E100000001,4,N,인천갈월초등학교,,,
공립,2,인천광역시 부평구,인천광역시북부교육지원청,인천광역시교육청,E100000150,27904160,N,121233000,복식부기,결산세출,240238340,181790190,200865020,328654650,658378000,S040000809,42097780,4868003.1,E100000001,4,N,인천개흥초등학교,초,2.0,
공립,2,인천광역시 서구,인천광역시서부교육지원청,인천광역시교육청,E100001748,16417050,N,0,복식부기,결산세출,384900920,347843110,306232240,707941270,464710550,S040000810,42459590,8022984.9,E100000001,4,N,인천건지초등학교,초,2.0,
공립,2,인천광역시 서구,인천광역시서부교육지원청,인천광역시교육청,E100001748,27543590,N,62202470,복식부기,결산세출,471435001,201532920,543636120,737877529,1032833460,S040000811,44464510,3921514.6,E100000001,4,N,인천검단초등학교,,,
공립,2,인천광역시 계양구,인천광역시서부교육지원청,인천광역시교육청,E100000150,32969610,N,0,미지정,결산세출,500725920,301125250,222324820,249850177,403333470,S040000812,18704190,7859242.9,E100000001,4,N,인천계산초등학교,,,
공립,2,인천광역시 계양구,인천광역시서부교육지원청,인천광역시교육청,E100000150,9779490,N,197956560,복식부기,결산세출,418050860,356017120,600306030,321036530,710931590,S040000813,52256190,5978328.2,E100000001,4,N,인천계양초등학교,초,2.0,
공립,2,인천광역시 부평구,인천광역시북부교육지원청,인천광역시교육청,E100000150,13230460,N,29954740,복식부기,결산세출,315357380,267676260,293828840,310477250,517994090,S040000815,32796800,4231154.0,E100000001,4,N,인천구산초등학교,,,
공립,2,인천광역시 서구,인천광역시서부교육지원청,인천광역시교육청,E100001748,18023080,N,0,복식부기,결산세출,290832050,324444490,417503880,446190580,548812180,S040000816,28291060,6522318.6,E100000001,4,N,인천금곡초등학교,,,
공립,2,인천광역시 계양구,인천광역시서부교육지원청,인천광역시교육청,E100000150,31876290,N,58174000,복식부기,결산세출,500569210,175700750,501871620,450735680,856313600,S040000817,50105660,4332255.5,E100000001,4,N,인천길주초등학교,초,2.0,
공립,2,인천광역시 서구,인천광역시서부교육지원청,인천광역시교육청,E100001748,59340570,N,0,미지정,결산세출,464064520,839916030,934655830,951506590,992728580,S040000818,68870590,4882313.4,E100000001,4,N,인천단봉초등학교,초,2.0,
공립,2,인천광역시 서구,인천광역시서부교육지원청,인천광역시교육청,E100001748,39264400,N,0,복식부기,결산세출,434059000,278244650,753040430,481944210,992214950,S040000819,70936860,3160315.5,E100000001,4,N,인천당하초등학교,,,
공립,2,인천광역시 부평구,인천광역시북부교육지원청,인천광역시교육청,E100000150,52918400,N,0,복식부기,결산세출,324948770,665775780,415972800,263760180,886263890,S040000820,48347210,3863353.2,E100000001,4,N,인천대정초등학교,초,2.0,
공립,2,인천광역시 부평구,인천광역시북부교육지원청,인천광역시교육청,E100000150,15715580,N,0,복식부기,결산세출,367325400,343765010,399471790,330160120,959652940,S040000821,47231350,3910035.2,E100000001,4,N,인천동수초등학교,,,
공립,2,인천광역시 부평구,인천광역시북부교육지원청,인천광역시교육청,E100000150,27691960,N,47000000,미지정,결산세출,322324730,437814560,370603250,501086980,670033610,S040000822,40224420,6427605.1,E100000001,4,N,인천동암초등학교,,,
공립,2,인천광역시 부평구,인천광역시북부교육지원청,인천광역시교육청,E100000150,21867910,N,0,복식부기,결산세출,237715020,578089260,151303840,334684330,353930850,S040000823,24078110,27010624.1,E100000001,4,N,인천마곡초등학교,,,
공립,2,인천광역시 부평구,인천광역시북부교육지원청,인천광역시교육청,E100000150,109890790,N,0,미지정,결산세출,305698810,325218670,382280280,367029490,754061330,S040000824,53120870,3501982.1,E100000001,4,N,인천마장초등학교,초,2.0,
공립,2,인천광역시 서구,인천광역시서부교육지원청,인천광역시교육청,E100001748,27331500,N,0,복식부기,결산세출,534769820,295127210,508198820,748210710,1034450800,S040000825,46683490,3844491.4,E100000001,4,N,인천마전초등학교,,,
공립,2,인천광역시 계양구,인천광역시서부교육지원청,인천광역시교육청,E100000150,16391980,N,0,복식부기,결산세출,372325470,297211840,260053420,394941540,573746230,S040000826,43564010,6100419.0,E100000001,4,N,인천명현초등학교,,,
공립,2,인천광역시 서구,인천광역시서부교육지원청,인천광역시교육청,E100001748,29120690,N,62992150,복식부기,결산세출,381972560,491607340,485619440,566104110,780753400,S040000827,70499450,4626885.7,E100000001,4,N,인천목향초등학교,,,
공립,2,인천광역시 부평구,인천광역시북부교육지원청,인천광역시교육청,E100000150,22788640,N,0,복식부기,결산세출,333299769,432871050,298956310,427609651,509631990,S040000828,41047030,6559379.2,E100000001,4,N,인천미산초등학교,,,
공립,2,인천광역시 서구,인천광역시서부교육지원청,인천광역시교육청,E100001748,15426890,N,0,복식부기,결산세출,312754800,533057240,565608590,664635170,1086304030,S040000829,59923980,3202483.4,E100000001,4,N,인천백석초등학교,,,
공립,2,인천광역시 부평구,인천광역시북부교육지원청,인천광역시교육청,E100000150,12222320,N,0,미지정,결산세출,331567370,368778360,476367340,404037070,657722400,S040000830,32532000,4727177.8,E100000001,4,N,인천백운초등학교,,,
공립,2,인천광역시 계양구,인천광역시서부교육지원청,인천광역시교육청,E100000150,5742150,N,0,미지정,결산세출,336231670,476453590,272283600,291449200,556080070,S040000831,27944560,4726405.9,E100000001,4,N,인천병방초등학교,초,2.0,
공립,2,인천광역시 서구,인천광역시서부교육지원청,인천광역시교육청,E100001748,22832120,N,216281520,복식부기,결산세출,430389920,800936700,500000030,347370690,415784080,S040000832,22074450,15657213.1,E100000001,4,N,인천봉수초등학교,초,2.0,
공립,2,인천광역시 부평구,인천광역시북부교육지원청,인천광역시교육청,E100000150,12654500,N,200000000,복식부기,결산세출,382198530,305562120,435986520,599377250,1364782920,S040000833,54520430,3719603.4,E100000001,4,N,인천부개서초등학교,초,2.0,
공립,2,인천광역시 부평구,인천광역시북부교육지원청,인천광역시교육청,E100000150,0,N,0,복식부기,결산세출,256341700,291805260,310648320,420195220,559130780,S040000834,29636020,6267641.9,E100000001,4,N,인천부개초등학교,초,2.0,
공립,2,인천광역시 부평구,인천광역시북부교육지원청,인천광역시교육청,E100000150,32632700,N,0,미지정,결산세출,485226580,157936890,450638530,613243140,1158295920,S040000835,81829120,2557770.7,E100000001,4,N,인천부곡초등학교,초,2.0,
공립,2,인천광역시 부평구,인천광역시북부교육지원청,인천광역시교육청,E100000150,8077510,N,0,복식부기,결산세출,270342730,205540150,315300620,458968370,697939750,S040000836,38309320,4852745.6,E100000001,4,N,인천부광초등학교,,,
공립,2,인천광역시 부평구,인천광역시북부교육지원청,인천광역시교육청,E100000150,16051600,N,0,복식부기,결산세출,295812660,408742430,328825910,365083150,828824490,S040000837,48300500,3311619.6,E100000001,4,N,인천부내초등학교,,,
공립,2,인천광역시 부평구,인천광역시북부교육지원청,인천광역시교육청,E100000150,24623360,N,52425920,미지정,결산세출,823239060,340528740,638950360,856133240,934560030,S040000838,101238850,4989020.6,E100000001,4,N,인천부마초등학교,,,
공립,2,인천광역시 부평구,인천광역시북부교육지원청,인천광역시교육청,E100000150,33103290,N,0,복식부기,결산세출,449697480,437401550,593836290,683655470,890244680,S040000839,58952880,4334561.5,E100000001,4,N,인천부원초등학교,,,
공립,2,인천광역시 부평구,인천광역시북부교육지원청,인천광역시교육청,E100000150,20200310,N,0,복식부기,결산세출,295519000,320157630,320151560,612465450,629300500,S040000840,36658760,5895654.9,E100000001,4,N,인천부일초등학교,,,
공립,2,인천광역시 부평구,인천광역시북부교육지원청,인천광역시교육청,E100000150,11818910,N,0,복식부기,결산세출,488875600,450327700,639887860,475325280,1131082350,S040000841,64954320,3973534.7,E100000001,4,N,인천부평남초등학교,초,2.0,
공립,2,인천광역시 부평구,인천광역시북부교육지원청,인천광역시교육청,E100000150,39953850,N,0,미지정,결산세출,373831570,389717460,708481000,842664800,1184987800,S040000842,63179820,3702791.7,E100000001,4,N,인천부평동초등학교,,,
공립,2,인천광역시 부평구,인천광역시북부교육지원청,인천광역시교육청,E100000150,5159710,N,0,복식부기,결산세출,284881990,241233370,371765210,494494170,620995710,S040000843,39093310,5344476.5,E100000001,4,N,인천부평북초등학교,,,
공립,2,인천광역시 부평구,인천광역시북부교육지원청,인천광역시교육청,E100000150,23872950,N,0,복식부기,결산세출,335154850,147399390,454621810,532688960,929530510,S040000844,44865080,3201210.8,E100000001,4,N,인천부평서초등학교,,,
공립,2,인천광역시 계양구,인천광역시서부교육지원청,인천광역시교육청,E100000150,28100000,N,0,복식부기,결산세출,498975860,124940050,344907440,253277560,568573550,S040000845,24918820,5454713.8,E100000001,4,N,인천부평초등학교,초,2.0,
공립,2,인천광역시 계양구,인천광역시서부교육지원청,인천광역시교육청,E100000150,7701000,N,0,미지정,결산세출,301119310,602620480,282089400,408115230,1093377420,S040000846,28343080,4151472.4,E100000001,4,N,인천부현동초등학교,,,
공립,2,인천광역시 계양구,인천광역시서부교육지원청,인천광역시교육청,E100000150,9250290,N,16040000,복식부기,결산세출,322997240,219910210,362760930,463816010,912797740,S040000847,48565680,4939492.9,E100000001,4,N,인천부현초등학교,초,2.0,
공립,2,인천광역시 부평구,인천광역시북부교육지원청,인천광역시교육청,E100000150,13154000,N,0,복식부기,결산세출,357398080,460707160,571234640,459010490,1152461210,S040000848,66450350,3017057.7,E100000001,4,N,인천부흥초등학교,초,2.0,
공립,2,인천광역시 서구,인천광역시서부교육지원청,인천광역시교육청,E100001748,23750270,N,0,복식부기,결산세출,401001040,544230870,563811300,556788360,916824810,S040000849,43556760,4132741.7,E100000001,4,N,인천불로초등학교,초,2.0,
공립,2,인천광역시 부평구,인천광역시북부교육지원청,인천광역시교육청,E100000150,21510600,N,0,미지정,결산세출,375010240,106554730,368308370,384849570,656926990,S040000850,76873580,3698948.1,E100000001,4,N,인천산곡남초등학교,,,
공립,2,인천광역시 부평구,인천광역시북부교육지원청,인천광역시교육청,E100000150,16874330,N,0,복식부기,결산세출,267310250,198987310,256660770,255075080,515548790,S040000851,44012690,5063417.7,E100000001,4,N,인천산곡북초등학교,,,
공립,2,인천광역시 부평구,인천광역시북부교육지원청,인천광역시교육청,E100000150,25407600,N,60479560,복식부기,결산세출,405287920,307758230,424660840,331231580,556524190,S040000852,54136450,6831187.3,E100000001,4,N,인천산곡초등학교,,,
공립,2,인천광역시 부평구,인천광역시북부교육지원청,인천광역시교육청,E100000150,10910270,N,0,복식부기,결산세출,327927810,445393100,409770120,455420670,771761630,S040000853,45444730,4542593.6,E100000001,4,N,인천삼산초등학교,,,
공립,2,인천광역시 부평구,인천광역시북부교육지원청,인천광역시교육청,E100000150,20386930,N,0,복식부기,결산세출,216148460,491873360,287663080,333072490,471661920,S040000854,33306190,6039454.2,E100000001,4,N,인천상정초등학교,,,
공립,2,인천광역시 서구,인천광역시서부교육지원청,인천광역시교육청,E100001748,39459680,N,118254000,미지정,결산세출,287261050,279031050,504701780,541100590,876821880,S040000855,49922490,4384638.2,E100000001,4,N,인천서곶초등학교,,,
공립,2,인천광역시 계양구,인천광역시서부교육지원청,인천광역시교육청,E100000150,13677510,N,140628610,복식부기,결산세출,360208070,417165790,283525910,438968790,712299740,S040000856,46369200,4543961.6,E100000001,4,N,인천서운초등학교,초,2.0,
공립,2,인천광역시 서구,인천광역시서부교육지원청,인천광역시교육청,E100001748,14433850,N,0,복식부기,결산세출,354363040,345035590,311633510,414318750,712036870,S040000857,46686950,4533007.3,E100000001,4,N,인천석남서초등학교,,,
공립,2,인천광역시 서구,인천광역시서부교육지원청,인천광역시교육청,E100001748,4928460,N,0,복식부기,결산세출,289402520,510586650,562257290,403124520,794843860,S040000858,57823630,4408347.8,E100000001,4,N,인천석남초등학교,,,
공립,2,인천광역시 계양구,인천광역시서부교육지원청,인천광역시교육청,E100000150,25042880,N,36960000,복식부기,결산세출,347704808,250791800,377664260,420046632,663152100,S040000859,32272480,5758382.2,E100000001,4,N,인천성지초등학교,,,
공립,2,인천광역시 계양구,인천광역시서부교육지원청,인천광역시교육청,E100000150,6631620,N,0,미지정,결산세출,321915630,345050760,416975640,467320350,617848060,S040000860,25721710,5559251.9,E100000001,4,N,인천소양초등학교,초,2.0,
공립,2,인천광역시 계양구,인천광역시서부교육지원청,인천광역시교육청,E100000150,9311040,N,0,복식부기,결산세출,333144360,380612350,342914110,376087360,782646480,S040000862,33891640,3093982.7,E100000001,4,N,인천신대초등학교,,,
공립,2,인천광역시 서구,인천광역시서부교육지원청,인천광역시교육청,E100001748,27015550,N,103296490,복식부기,결산세출,364644300,92949940,299020060,446392330,627097640,S040000863,35122810,4762623.2,E100000001,4,N,인천신석초등학교,,,
공립,2,인천광역시 부평구,인천광역시북부교육지원청,인천광역시교육청,E100000150,0,N,0,미지정,결산세출,228325155,428991130,352307840,297688835,441020170,S040000864,39843440,5694829.8,E100000001,4,N,인천신촌초등학교,,,
공립,2,인천광역시 서구,인천광역시서부교육지원청,인천광역시교육청,E100001748,11658280,N,0,복식부기,결산세출,339187000,281566270,359103490,580374080,760030550,S040000865,47301260,4318005.3,E100000001,4,N,인천신현북초등학교,,,
공립,2,인천광역시 서구,인천광역시서부교육지원청,인천광역시교육청,E100001748,6394160,N,0,미지정,결산세출,325604600,376175760,206882080,323946890,626756400,S040000867,49165970,4537739.0,E100000001,4,N,인천신현초등학교,,,
공립,2,인천광역시 서구,인천광역시서부교육지원청,인천광역시교육청,E100001748,4756400,N,0,미지정,결산세출,332363857,193336760,266284530,227735183,410254750,S040000868,33767360,5320648.0,E100000001,4,N,인천심곡초등학교,,,
공립,2,인천광역시 부평구,인천광역시북부교육지원청,인천광역시교육청,E100000150,25060120,N,53590000,미지정,결산세출,288280970,120262050,354230140,308473300,616316560,S040000869,31117230,6535746.8,E100000001,4,N,인천십정초등학교,,,
공립,2,인천광역시 계양구,인천광역시서부교육지원청,인천광역시교육청,E100000150,9624480,N,0,미지정,결산세출,341757800,444047420,580916130,689125920,798802080,S040000870,64313170,6810667.4,E100000001,4,N,인천안남초등학교,초,2.0,
공립,2,인천광역시 계양구,인천광역시서부교육지원청,인천광역시교육청,E100000150,21902240,N,89656730,복식부기,결산세출,368888890,253562060,596155860,365207870,687404080,S040000871,56095000,6700199.8,E100000001,4,N,인천안산초등학교,,,
공립,2,인천광역시 서구,인천광역시서부교육지원청,인천광역시교육청,E100001748,1069130,N,0,미지정,결산세출,291871840,472407810,395242520,480716170,483701310,S040000872,38314950,6575452.1,E100000001,4,N,인천양지초등학교,,,
공립,2,인천광역시 부평구,인천광역시북부교육지원청,인천광역시교육청,E100000150,17867600,N,0,복식부기,결산세출,383524180,374151130,495443930,461738030,735983540,S040000874,48614050,4340211.1,E100000001,4,N,인천용마초등학교,,,
공립,2,인천광역시 부평구,인천광역시북부교육지원청,인천광역시교육청,E100000150,28593740,N,0,미지정,결산세출,295265520,366721890,331148060,337560280,556490050,S040000875,39997000,5014811.6,E100000001,4,N,인천일신초등학교,초,2.0,
공립,2,인천광역시 계양구,인천광역시서부교육지원청,인천광역시교육청,E100000150,17596170,N,98820000,미지정,결산세출,332650760,383212270,276434490,334335990,715101450,S040000876,48917320,4156437.8,E100000001,4,N,인천작동초등학교,,,
공립,2,인천광역시 계양구,인천광역시서부교육지원청,인천광역시교육청,E100000150,0,N,0,미지정,결산세출,329191330,1355952360,286409790,344653960,615381095,S040000877,46106020,6721658.1,E100000001,4,N,인천작전초등학교,초,2.0,
공립,2,인천광역시 서구,인천광역시서부교육지원청,인천광역시교육청,E100001748,38000690,N,0,복식부기,결산세출,516465030,151108090,566409210,667095800,787712770,S040000878,47494050,5214822.6,E100000001,4,N,인천창신초등학교,,,
공립,2,인천광역시 서구,인천광역시서부교육지원청,인천광역시교육청,E100001748,2077360,N,99688000,복식부기,결산세출,292390230,296645260,239674510,367637740,375659630,S040000879,33525060,8053291.5,E100000001,4,N,인천천마초등학교,,,
공립,2,인천광역시 부평구,인천광역시북부교육지원청,인천광역시교육청,E100000150,7317910,N,0,복식부기,결산세출,290703060,230870950,486487100,256673650,680976150,S040000880,39430900,5044201.8,E100000001,4,N,인천청천초등학교,초,2.0,
공립,2,인천광역시 부평구,인천광역시북부교육지원청,인천광역시교육청,E100000150,18909440,N,41450000,복식부기,결산세출,253322000,522929050,226614870,323833160,492888170,S040000881,39841000,15236410.2,E100000001,4,N,인천하정초등학교,초,2.0,
공립,2,인천광역시 부평구,인천광역시북부교육지원청,인천광역시교육청,E100000150,9410870,N,0,미지정,결산세출,383126990,343695800,578587870,477698490,846933760,S040000882,58080150,4208321.3,E100000001,4,N,인천한길초등학교,,,
공립,2,인천광역시 계양구,인천광역시서부교육지원청,인천광역시교육청,E100000150,25481470,N,0,미지정,결산세출,367144500,669016690,385638050,463056640,1125486310,S040000883,57900540,3468300.7,E100000001,4,N,인천화전초등학교,초,2.0,
공립,2,인천광역시 계양구,인천광역시서부교육지원청,인천광역시교육청,E100000150,15195870,N,0,복식부기,결산세출,272979680,508387060,348590860,457191930,805579230,S040000884,44815680,3660806.4,E100000001,4,N,인천효성남초등학교,초,2.0,
공립,2,인천광역시 계양구,인천광역시서부교육지원청,인천광역시교육청,E100000150,12789090,N,0,복식부기,결산세출,289229030,294335770,242455060,236613160,416251000,S040000885,16987000,6419830.3,E100000001,4,N,인천효성동초등학교,초,2.0,
공립,2,인천광역시 계양구,인천광역시서부교육지원청,인천광역시교육청,E100000150,10679210,N,0,미지정,결산세출,305464940,327754210,244426000,275051610,684530890,S040000886,35400380,3533409.5,E100000001,4,N,인천효성서초등학교,,,
공립,2,인천광역시 계양구,인천광역시서부교육지원청,인천광역시교육청,E100000150,6477400,N,0,미지정,결산세출,296459390,566726310,253198260,234606590,573774760,S040000887,29407000,5401238.9,E100000001,4,N,인천효성초등학교,초,2.0,
공립,2,인천광역시 연수구,인천광역시동부교육지원청,인천광역시교육청,E100000117,140399930,N,0,복식부기,결산세출,337693200,399518860,513002470,455183870,519874650,S040001041,44806580,6790083.3,E100000001,4,N,인천축현초등학교,,,
공립,2,인천광역시 연수구,인천광역시동부교육지원청,인천광역시교육청,E100000117,23815580,N,0,복식부기,결산세출,306701460,128813640,310650190,344712260,739948460,S040001635,40366830,3836049.4,E100000001,4,N,인천서면초등학교,초,2.0,
공립,2,인천광역시 남동구,인천광역시동부교육지원청,인천광역시교육청,E100000117,8961130,N,200000000,복식부기,결산세출,349453340,545290840,336519910,511124690,709589630,S040001719,284095140,8511660.9,E100000001,4,N,인천신월초등학교,,,
공립,2,인천광역시 남동구,인천광역시동부교육지원청,인천광역시교육청,E100000117,10888310,N,0,미지정,결산세출,412173810,560390500,386438430,325947980,614060570,S040001720,35564250,4990348.6,E100000001,4,N,인천새말초등학교,,,
공립,2,인천광역시 남동구,인천광역시동부교육지원청,인천광역시교육청,E100000117,37840020,N,0,복식부기,결산세출,410998940,444441850,690748410,618422470,1115178330,S040001721,69356290,3204339.0,E100000001,4,N,인천서창초등학교,초,2.0,
공립,2,인천광역시 중구,인천광역시남부교육지원청,인천광역시교육청,E100000082,21402630,N,0,미지정,결산세출,521069180,668990730,515269980,476534870,897885110,S040001725,47336310,4510729.0,E100000001,4,N,인천삼목초등학교,,,
공립,2,인천광역시 서구,인천광역시서부교육지원청,인천광역시교육청,E100001748,15345960,N,0,미지정,결산세출,277862380,290805720,293131080,378276000,612272280,S040001726,36624000,5568179.6,E100000001,4,N,인천봉화초등학교,,,
공립,2,인천광역시 서구,인천광역시서부교육지원청,인천광역시교육청,E100001748,3216690,N,0,미지정,결산세출,269760880,304264420,208328370,250830510,450916650,S040001727,25364000,5602524.1,E100000001,4,N,인천검암초등학교,,,
공립,2,인천광역시 서구,인천광역시서부교육지원청,인천광역시교육청,E100001748,14751300,N,0,복식부기,결산세출,262371060,617970430,494058120,485204140,770521040,S040001728,49318430,4934422.2,E100000001,4,N,인천은지초등학교,,,
공립,2,인천광역시 부평구,인천광역시북부교육지원청,인천광역시교육청,E100000150,20802740,N,0,복식부기,결산세출,347427120,147022730,419547590,350240930,533886240,S040001729,344645460,7140504.3,E100000001,4,N,인천진산초등학교,,,
공립,2,인천광역시 부평구,인천광역시북부교육지원청,인천광역시교육청,E100000150,13618100,N,0,복식부기,결산세출,474390170,537961420,603275520,636009670,1001985730,S040001730,63987370,3488196.8,E100000001,4,N,인천굴포초등학교,,,
공립,2,인천광역시 서구,인천광역시서부교육지원청,인천광역시교육청,E100001748,41978870,N,319391330,복식부기,결산세출,508784120,314707930,823521380,790560480,1303023470,S040001732,63274350,3274561.3,E100000001,4,N,인천간재울초등학교,,,
공립,2,인천광역시 부평구,인천광역시북부교육지원청,인천광역시교육청,E100000150,11287490,N,0,복식부기,결산세출,347866590,343109580,417488160,456348570,709568720,S040001733,55383600,5133887.5,E100000001,4,N,인천후정초등학교,초,2.0,
공립,2,인천광역시 서구,인천광역시서부교육지원청,인천광역시교육청,E100001748,9945690,N,0,복식부기,결산세출,423814020,458377000,655318170,575013040,1000592650,S040001734,93470770,4430483.9,E100000001,4,N,인천발산초등학교,,,
공립,2,인천광역시 계양구,인천광역시서부교육지원청,인천광역시교육청,E100000150,4122340,N,0,미지정,결산세출,301346990,357083670,189452420,507900820,490278780,S040001735,32441590,8367229.4,E100000001,4,N,인천해서초등학교,,,
공립,2,인천광역시 연수구,인천광역시동부교육지원청,인천광역시교육청,E100000117,24567100,N,0,미지정,결산세출,283484010,288515390,571748910,639089910,957040620,S040001789,65109310,3364512.8,E100000001,4,N,인천먼우금초등학교,초,2.0,
공립,2,인천광역시 서구,인천광역시서부교육지원청,인천광역시교육청,E100001748,26786920,N,0,미지정,결산세출,412347230,729361770,533926930,690929500,963340990,S040001791,60036790,4874080.1,E100000001,4,N,인천경서초등학교,,,
공립,2,인천광역시 서구,인천광역시서부교육지원청,인천광역시교육청,E100001748,35621360,N,0,복식부기,결산세출,412191420,363283370,504707520,758461790,845920950,S040001792,48305480,4497715.0,E100000001,4,N,인천왕길초등학교,,,
공립,2,인천광역시 계양구,인천광역시서부교육지원청,인천광역시교육청,E100000150,0,N,55589000,복식부기,결산세출,404407080,234764200,622413780,756839120,941367700,S040001793,45332200,4274738.9,E100000001,4,N,인천귤현초등학교,,,
공립,2,인천광역시 서구,인천광역시서부교육지원청,인천광역시교육청,E100001748,11936500,N,0,복식부기,결산세출,326700500,605879280,505477810,646376050,662771960,S040001795,35626700,5738745.0,E100000001,4,N,인천원당초등학교,초,2.0,
공립,2,인천광역시 서구,인천광역시서부교육지원청,인천광역시교육청,E100001748,12193200,N,42284000,복식부기,결산세출,378471520,248360640,518858250,453963200,907904170,S040001796,69483220,3797284.6,E100000001,4,N,인천능내초등학교,,,
공립,2,인천광역시 서구,인천광역시서부교육지원청,인천광역시교육청,E100001748,25833240,N,49863000,복식부기,결산세출,291432890,289965530,369096350,486230420,769445530,S040001797,46114300,3899466.1,E100000001,4,N,인천완정초등학교,,,
공립,2,인천광역시 계양구,인천광역시서부교육지원청,인천광역시교육청,E100000150,77280860,N,0,복식부기,결산세출,428381760,726292770,814501700,597500360,1255382210,S040001800,67656160,3659590.2,E100000001,4,N,인천당산초등학교,초,2.0,
공립,2,인천광역시 서구,인천광역시서부교육지원청,인천광역시교육청,E100001748,33911670,N,0,미지정,결산세출,516714010,839276560,1000572280,1024955420,1462736400,S040001803,97121390,3486536.6,E100000001,4,N,인천청라초등학교,,,
공립,2,인천광역시 계양구,인천광역시서부교육지원청,인천광역시교육청,E100000150,29185860,N,0,미지정,결산세출,315581130,414365010,420093500,287795360,514827990,S040001804,33024780,7574712.9,E100000001,4,N,인천양촌초등학교,,,
공립,2,인천광역시 부평구,인천광역시북부교육지원청,인천광역시교육청,E100000150,43239460,N,0,복식부기,결산세출,362246630,634100860,789681090,414086040,834755890,S040001815,49811520,4088786.3,E100000001,4,N,인천영선초등학교,초,2.0,
공립,2,인천광역시 남동구,인천광역시동부교육지원청,인천광역시교육청,E100000117,22409740,N,0,복식부기,결산세출,323911760,374771660,501867780,677349130,1023664870,S040001841,50012060,3918296.4,E100000001,4,N,인천동방초등학교,,,
공립,2,인천광역시 남동구,인천광역시동부교육지원청,인천광역시교육청,E100000117,10728960,N,0,미지정,결산세출,310235930,391885710,351968570,452759420,621708020,S040001842,46184420,5938780.0,E100000001,4,N,인천장도초등학교,,,
공립,2,인천광역시 연수구,인천광역시동부교육지원청,인천광역시교육청,E100000117,10409930,N,30200000,복식부기,결산세출,382630020,265182910,652160670,501641290,811171070,S040001843,61723230,4151558.3,E100000001,4,N,인천신송초등학교,초,2.0,
공립,2,인천광역시 부평구,인천광역시북부교육지원청,인천광역시교육청,E100000150,21351390,N,0,복식부기,결산세출,265797323,541747010,372180910,379550297,541690380,S040001845,38033960,6566417.2,E100000001,4,N,인천금마초등학교,,,
공립,2,인천광역시 남동구,인천광역시동부교육지원청,인천광역시교육청,E100000117,7177420,N,0,미지정,결산세출,149493290,487719900,350661390,308782340,582046720,S040001858,50837400,4001484.4,E100000001,4,N,인천은봉초등학교,,,
공립,2,인천광역시 연수구,인천광역시동부교육지원청,인천광역시교육청,E100000117,270080,N,0,복식부기,결산세출,260757670,368538200,612998900,734432890,969928440,S040001859,64865750,3886183.1,E100000001,4,N,인천해송초등학교,,,
공립,2,인천광역시 남동구,인천광역시동부교육지원청,인천광역시교육청,E100000117,11707240,N,0,미지정,결산세출,311860665,557459875,899156420,810096720,1299198310,S040001870,83464180,3305277.4,E100000001,4,N,인천정각초등학교,초,2.0,
공립,2,인천광역시 미추홀구,인천광역시남부교육지원청,인천광역시교육청,E100000082,18374610,N,0,미지정,결산세출,324576460,270921460,687464330,666060570,1281778240,S040001951,86310220,2763451.4,E100000001,4,N,인천경원초등학교,,,
공립,2,인천광역시 미추홀구,인천광역시남부교육지원청,인천광역시교육청,E100000082,19560690,N,0,복식부기,결산세출,232689990,221676170,335165360,495241920,1010153990,S040001953,53698000,2477182.1,E100000001,4,N,인천학산초등학교,,,
공립,2,인천광역시 남동구,인천광역시동부교육지원청,인천광역시교육청,E100000117,11998060,N,0,복식부기,결산세출,213283420,381656850,871826900,560652580,1008362110,S040001954,53842410,3610736.1,E100000001,4,N,인천상아초등학교,,,
공립,2,인천광역시 남동구,인천광역시동부교육지원청,인천광역시교육청,E100000117,41896650,N,0,복식부기,결산세출,235999140,314864600,639561570,656846280,1075227900,S040001958,69949100,2966124.4,E100000001,4,N,인천고잔초등학교,,,
공립,2,인천광역시 서구,인천광역시서부교육지원청,인천광역시교육청,E100001748,42786950,N,0,미지정,결산세출,350699910,107592970,358848970,488451710,686406280,S040001959,31755770,5481545.3,E100000001,4,N,인천공촌초등학교,,,
공립,2,인천광역시 남동구,인천광역시동부교육지원청,인천광역시교육청,E100000117,9339150,N,0,미지정,결산세출,339525350,245143120,466983680,462959250,844375640,S040001961,48206040,3955044.6,E100000001,4,N,인천사리울초등학교,,,
공립,2,인천광역시 남동구,인천광역시동부교육지원청,인천광역시교육청,E100000117,13301690,N,0,복식부기,결산세출,291784070,390007340,336564040,333866420,797707960,S040001966,33458830,4765055.0,E100000001,4,N,인천송천초등학교,,,
공립,2,인천광역시 중구,인천광역시남부교육지원청,인천광역시교육청,E100000082,14275270,N,0,복식부기,결산세출,157947210,233613260,258183780,399935790,534846290,S040001968,80571790,4306085.6,E100000001,4,N,인천운남초등학교,,,
공립,2,인천광역시 남동구,인천광역시동부교육지원청,인천광역시교육청,E100000117,18073830,N,0,복식부기,결산세출,419224550,390243070,729636520,661039820,1257431530,S040001971,72734820,2884865.2,E100000001,4,N,인천원동초등학교,초,2.0,
공립,2,인천광역시 연수구,인천광역시동부교육지원청,인천광역시교육청,E100000117,34484660,N,0,복식부기,결산세출,518550760,599118720,1005312120,740824800,1525089320,S040002022,101411860,2883870.1,E100000001,4,N,인천신정초등학교,,,
공립,2,인천광역시 서구,인천광역시서부교육지원청,인천광역시교육청,E100001748,52556100,N,0,복식부기,결산세출,504136450,461116160,786445260,780129830,1096575300,S040002027,67656910,3778846.8,E100000001,4,N,인천초은초등학교,초,2.0,
공립,2,인천광역시 서구,인천광역시서부교육지원청,인천광역시교육청,E100001748,113200000,N,0,복식부기,결산세출,788114870,137484090,1077996130,1099219730,1725913370,S040002028,76352880,3059927.5,E100000001,4,N,인천가원초등학교,,,
공립,2,인천광역시 서구,인천광역시서부교육지원청,인천광역시교육청,E100001748,0,Y,0,미지정,,0,0,0,0,0,S040002030,0,0.0,E100000001,4,N,인천아라초등학교,초,2.0,2023.9.1.자 신설교
공립,2,인천광역시 서구,인천광역시서부교육지원청,인천광역시교육청,E100001748,32737300,N,0,복식부기,결산세출,1147521160,1058334640,635755460,638097230,1160940830,S040002032,80933140,5735005.7,E100000001,4,N,인천해든초등학교,초,2.0,
공립,2,인천광역시 서구,인천광역시서부교육지원청,인천광역시교육청,E100001748,0,N,0,미지정,결산세출,238134190,1089199530,0,0,30340000,S040002034,0,0.0,E100000001,4,N,인천아람초등학교,,,
공립,2,인천광역시 서구,인천광역시서부교육지원청,인천광역시교육청,E100001748,41390570,N,0,복식부기,결산세출,579181938,523379890,876096710,1063770222,1442000200,S040002035,60732670,3101117.1,E100000001,4,N,인천한별초등학교,,,
공립,2,인천광역시 서구,인천광역시서부교육지원청,인천광역시교육청,E100001748,68858920,N,0,복식부기,결산세출,223708880,358392500,921554480,840006650,938534580,S040002037,69939280,3537740.7,E100000001,4,N,인천청일초등학교,초,2.0,
공립,2,인천광역시 서구,인천광역시서부교육지원청,인천광역시교육청,E100001748,50297120,N,0,미지정,결산세출,444066790,286218860,828268090,819209510,1024139460,S040002040,68694260,5102745.1,E100000001,4,N,인천도담초등학교,초,2.0,
공립,2,인천광역시 연수구,인천광역시동부교육지원청,인천광역시교육청,E100000117,9551700,N,0,미지정,결산세출,268617095,330102280,525543460,389670760,632775960,S040002041,39321390,4622279.3,E100000001,4,N,인천새봄초등학교,,,
공립,2,인천광역시 남동구,인천광역시동부교육지원청,인천광역시교육청,E100000117,53687500,N,0,복식부기,결산세출,516646100,320752220,981930520,859801580,1539808710,S040002045,95102190,2949175.4,E100000001,4,N,인천장서초등학교,,,
공립,2,인천광역시 남동구,인천광역시동부교육지원청,인천광역시교육청,E100000117,13685220,N,0,복식부기,결산세출,392926340,495664080,759256550,622285510,1077960550,S040002048,67871070,3300913.7,E100000001,4,N,인천장아초등학교,,,
공립,2,인천광역시 연수구,인천광역시동부교육지원청,인천광역시교육청,E100000117,20935400,N,0,복식부기,결산세출,279552120,555904140,334309830,455675800,1050246060,S040002053,60768570,3176718.8,E100000001,4,N,인천연송초등학교,,,
공립,2,인천광역시 연수구,인천광역시동부교육지원청,인천광역시교육청,E100000117,21498250,N,0,복식부기,결산세출,479756260,245672320,731295350,745119870,897158870,S040002056,63305710,4076577.0,E100000001,4,N,인천예송초등학교,,,
공립,2,인천광역시 연수구,인천광역시동부교육지원청,인천광역시교육청,E100000117,11654310,N,0,미지정,결산세출,538494940,235438500,720710190,616476560,1057181190,S040002058,61702340,3110996.2,E100000001,4,N,인천송일초등학교,초,2.0,
공립,2,인천광역시 연수구,인천광역시동부교육지원청,인천광역시교육청,E100000117,24195000,N,0,복식부기,결산세출,427732870,327063310,1121945940,929396110,1780767640,S040002063,136409350,2634578.4,E100000001,4,N,인천첨단초등학교,,,
공립,2,인천광역시 연수구,인천광역시동부교육지원청,인천광역시교육청,E100000117,54732630,N,0,복식부기,결산세출,507646020,242972200,992285930,669467970,1396492280,S040002064,81742950,2818100.0,E100000001,4,N,인천송명초등학교,,,
공립,2,인천광역시 연수구,인천광역시동부교육지원청,인천광역시교육청,E100000117,31267600,N,0,미지정,결산세출,438269970,343252480,750915520,634169550,1059714620,S040002065,71161800,3438792.9,E100000001,4,N,인천송원초등학교,초,2.0,
공립,2,인천광역시 서구,인천광역시서부교육지원청,인천광역시교육청,E100001748,36219910,N,38000000,복식부기,결산세출,447277960,420284120,1125877980,888409320,1357733630,S040002067,133662190,3234520.1,E100000001,4,N,인천청람초등학교,초,2.0,
공립,2,인천광역시 서구,인천광역시서부교육지원청,인천광역시교육청,E100001748,12947820,N,0,미지정,결산세출,260265200,380805200,906123160,924722590,1221752120,S040002068,70511800,3324936.5,E100000001,4,N,인천경명초등학교,,,
공립,2,인천광역시 서구,인천광역시서부교육지원청,인천광역시교육청,E100001748,0,Y,0,미지정,,0,0,0,0,0,S040002069,0,0.0,E100000001,4,N,인천한들초등학교,초,2.0,2023년 9월 1일 신설 학교로 2022년도 학교회계 결산 내용 없음.
공립,2,인천광역시 서구,인천광역시서부교육지원청,인천광역시교육청,E100001748,116905750,N,0,복식부기,결산세출,674530480,1578532030,1293794470,1020923770,2053563060,S040002070,110537880,3415854.1,E100000001,4,N,인천해원초등학교,,,
공립,2,인천광역시 연수구,인천광역시동부교육지원청,인천광역시교육청,E100000117,65412000,N,0,복식부기,결산세출,488834640,349755850,915988140,854123780,1560148890,S040002071,187964100,2760441.6,E100000001,4,N,인천미송초등학교,,,
공립,2,인천광역시 연수구,인천광역시동부교육지원청,인천광역시교육청,E100000117,113903130,N,128070720,미지정,결산세출,426794624,435493736,926761110,719745810,1057197670,S040002072,68030460,4321067.2,E100000001,4,N,인천은송초등학교,초,2.0,
공립,2,인천광역시 중구,인천광역시남부교육지원청,인천광역시교육청,E100000082,59496500,N,0,미지정,결산세출,426966100,557576260,628975270,522348850,1084280280,S040002081,60764460,3761720.4,E100000001,4,N,인천하늘초등학교,,,
공립,2,인천광역시 서구,인천광역시서부교육지원청,인천광역시교육청,E100001748,19851380,N,0,미지정,결산세출,1707610970,1280756670,449410870,260424260,581121720,S040002134,23515000,0.0,E100000001,4,N,인천이음초등학교,,,
공립,2,인천광역시 연수구,인천광역시동부교육지원청,인천광역시교육청,E100000117,11167250,N,0,미지정,결산세출,451151820,399498920,572981060,462020870,646360910,S040002146,34980850,5218950.8,E100000001,4,N,인천현송초등학교,,,
공립,2,인천광역시 미추홀구,인천광역시남부교육지원청,인천광역시교육청,E100000082,16481460,N,0,복식부기,결산세출,468822090,413929750,890506120,603783730,1252311990,S040002154,82294820,3127625.8,E100000001,4,N,인천용학초등학교,,,
공립,2,인천광역시 연수구,인천광역시동부교육지원청,인천광역시교육청,E100000117,18303350,N,0,복식부기,결산세출,396830740,343432020,729170930,753338600,1109159670,S040002175,64566540,3138604.6,E100000001,4,N,인천명선초등학교,초,2.0,
공립,2,인천광역시 남동구,인천광역시동부교육지원청,인천광역시교육청,E100000117,24678120,N,0,미지정,결산세출,301134610,519651970,823274970,627547640,1344232090,S040002176,66534690,3237601.8,E100000001,4,N,인천한빛초등학교,,,
공립,2,인천광역시 중구,인천광역시남부교육지원청,인천광역시교육청,E100000082,37203610,N,21518000,미지정,결산세출,624753320,262848470,959706420,845896380,1801454871,S040002283,87111120,2629174.0,E100000001,4,N,인천중산초등학교,,,
공립,2,인천광역시 서구,인천광역시서부교육지원청,인천광역시교육청,E100001748,20937720,N,0,미지정,결산세출,335176520,235884610,711146910,622415970,1038936230,S040002289,63694160,3738508.8,E100000001,4,N,인천경연초등학교,,,
공립,2,인천광역시 중구,인천광역시남부교육지원청,인천광역시교육청,E100000082,13126820,N,0,복식부기,결산세출,485449020,386866140,572957050,1053209220,947558890,S040002295,88079690,4423001.0,E100000001,4,N,인천별빛초등학교,,,
공립,2,인천광역시 연수구,인천광역시동부교육지원청,인천광역시교육청,E100000117,45707120,N,0,복식부기,결산세출,373616230,621246160,948716940,720922610,1088072140,S040002304,65540660,4012276.1,E100000001,4,N,인천송담초등학교,,,
공립,2,인천광역시 서구,인천광역시서부교육지원청,인천광역시교육청,E100001748,3982270,N,0,미지정,결산세출,199617530,163821050,341233080,251650710,312177770,S040002308,31025220,3891067.6,E100000001,4,N,인천청호초등학교,,,
