FOND_SC_CODE,SCHUL_KND_SC_CODE,ADRCD_NM,JU_ORG_NM,ATPT_OFCDC_ORG_NM,JU_ORG_CODE,PBAN_EXCP_YN,FAS_DTN_SC_CODE,PBAN_REV_EX_SC_CODE,AMT6,AMT5,AMT4,AMT3,AMT2,SCHUL_CODE,AMT1,ATPT_OFCDC_ORG_CODE,LCTN_SC_CODE,BNHH_YN,SCHUL_NM,SCHUL_CRSE_SC_VALUE_NM,SCHUL_CRSE_SC_VALUE,PBAN_EXCP_RSN
국립,2,충청북도 청주시 서원구,교육부,충청북도교육청,A000000001,N,복식부기,예산세입,53000000,2600000,0,472142000,432420000,S000003528,863712000,A000000001,12,N,청주교육대학교부설초등학교,,,
국립,2,충청북도 청주시 흥덕구,교육부,충청북도교육청,A000000001,N,복식부기,예산세입,121000000,9000000,0,352375000,538730000,S000003536,1132672000,A000000001,12,N,한국교원대학교부설월곡초등학교,,,
공립,2,충청북도 괴산군,충청북도괴산증평교육지원청,충청북도교육청,M100000052,N,복식부기,예산세입,2000000,3300000,0,26087000,0,S110000278,481556000,M100000001,12,N,감물초등학교,,,
공립,2,충청북도 괴산군,충청북도괴산증평교육지원청,충청북도교육청,M100000052,N,복식부기,예산세입,10000000,3300000,0,52775000,0,S110000286,577333000,M100000001,12,N,괴산명덕초등학교,,,
공립,2,충청북도 증평군,충청북도괴산증평교육지원청,충청북도교육청,M100000052,N,복식부기,예산세입,5000000,1627000,0,20481000,0,S110000290,696179000,M100000001,12,N,도안초등학교,초,2.0,
공립,2,충청북도 괴산군,충청북도괴산증평교육지원청,충청북도교육청,M100000052,N,복식부기,예산세입,10000000,4290000,0,93073000,0,S110000293,934374000,M100000001,12,N,동인초등학교,초,2.0,
공립,2,충청북도 괴산군,충청북도괴산증평교육지원청,충청북도교육청,M100000052,N,복식부기,예산세입,8000000,1850000,0,21736000,0,S110000296,701372000,M100000001,12,N,목도초등학교,,,
공립,2,충청북도 괴산군,충청북도괴산증평교육지원청,충청북도교육청,M100000052,N,복식부기,예산세입,5000000,1300000,0,19380000,0,S110000297,512748000,M100000001,12,N,문광초등학교,,,
공립,2,충청북도 괴산군,충청북도괴산증평교육지원청,충청북도교육청,M100000052,N,복식부기,예산세입,2000000,7760000,0,17692000,0,S110000300,705452000,M100000001,12,N,백봉초등학교,,,
공립,2,충청북도 괴산군,충청북도괴산증평교육지원청,충청북도교육청,M100000052,N,복식부기,예산세입,8000000,1571000,0,20896000,0,S110000303,604282000,M100000001,12,N,보광초등학교,,,
공립,2,충청북도 증평군,충청북도괴산증평교육지원청,충청북도교육청,M100000052,N,복식부기,예산세입,5000000,7450000,0,179374000,0,S110000308,1306638000,M100000001,12,N,삼보초등학교,,,
공립,2,충청북도 괴산군,충청북도괴산증평교육지원청,충청북도교육청,M100000052,N,복식부기,예산세입,6300000,1540000,0,15244000,0,S110000311,422926000,M100000001,12,N,소수초등학교,초,2.0,
공립,2,충청북도 괴산군,충청북도괴산증평교육지원청,충청북도교육청,M100000052,N,복식부기,예산세입,1000000,1500000,0,14564000,44222000,S110000314,445234000,M100000001,12,N,송면초등학교,,,
공립,2,충청북도 괴산군,충청북도괴산증평교육지원청,충청북도교육청,M100000052,N,복식부기,예산세입,10000000,1400000,0,14448000,14717000,S110000323,453477000,M100000001,12,N,연풍초등학교,,,
공립,2,충청북도 괴산군,충청북도괴산증평교육지원청,충청북도교육청,M100000052,N,복식부기,예산세입,9300000,3000000,0,18782000,0,S110000333,447190000,M100000001,12,N,장연초등학교,,,
공립,2,충청북도 증평군,충청북도괴산증평교육지원청,충청북도교육청,M100000052,N,복식부기,예산세입,10000000,1600000,0,47804000,0,S110000338,557936000,M100000001,12,N,죽리초등학교,,,
공립,2,충청북도 증평군,충청북도괴산증평교육지원청,충청북도교육청,M100000052,N,복식부기,예산세입,20000000,6320000,0,266876000,0,S110000340,2257535000,M100000001,12,N,증평초등학교,,,
공립,2,충청북도 괴산군,충청북도괴산증평교육지원청,충청북도교육청,M100000052,N,복식부기,예산세입,0,1800000,0,20719000,27683000,S110000341,500556000,M100000001,12,N,청안초등학교,,,
공립,2,충청북도 괴산군,충청북도괴산증평교육지원청,충청북도교육청,M100000052,N,복식부기,예산세입,5000000,2400000,0,21242000,43160000,S110000342,362024000,M100000001,12,N,청천초등학교,초,2.0,
공립,2,충청북도 괴산군,충청북도괴산증평교육지원청,충청북도교육청,M100000052,N,복식부기,예산세입,4000000,1660000,0,17316000,0,S110000346,521601000,M100000001,12,N,칠성초등학교,,,
공립,2,충청북도 단양군,충청북도단양교육지원청,충청북도교육청,M100000060,N,복식부기,예산세입,10000000,1300000,0,28675000,36969000,S110000358,717305000,M100000001,12,N,가곡초등학교,,,
공립,2,충청북도 단양군,충청북도단양교육지원청,충청북도교육청,M100000060,Y,복식부기,,0,0,0,0,0,S110000359,0,M100000001,12,Y,가곡초등학교대곡분교장,초,2.0,"2개 이상의 학교가 예·결산을 통합 운영하는 경우, 예·결산 관리 학교에서 입력"
공립,2,충청북도 단양군,충청북도단양교육지원청,충청북도교육청,M100000060,Y,복식부기,,0,0,0,0,0,S110000360,0,M100000001,12,Y,가곡초등학교보발분교장,초,2.0,"2개 이상의 학교가 예·결산을 통합 운영하는 경우, 예·결산 관리 학교에서 입력"
공립,2,충청북도 단양군,충청북도단양교육지원청,충청북도교육청,M100000060,N,복식부기,예산세입,20000000,500000,0,0,0,S110000364,313145000,M100000001,12,N,가평초등학교,초,2.0,
공립,2,충청북도 단양군,충청북도단양교육지원청,충청북도교육청,M100000060,N,복식부기,예산세입,18000000,4000000,0,75451000,0,S110000368,1014456000,M100000001,12,N,단양초등학교,초,2.0,
공립,2,충청북도 단양군,충청북도단양교육지원청,충청북도교육청,M100000060,N,복식부기,예산세입,10000000,2840000,0,16473000,48381000,S110000373,399776000,M100000001,12,N,단천초등학교,,,
공립,2,충청북도 단양군,충청북도단양교육지원청,충청북도교육청,M100000060,N,복식부기,예산세입,7000000,1400000,0,18630000,0,S110000376,498699000,M100000001,12,N,대가초등학교,,,
공립,2,충청북도 단양군,충청북도단양교육지원청,충청북도교육청,M100000060,N,복식부기,예산세입,5000000,1000000,0,18411000,0,S110000377,549257000,M100000001,12,N,대강초등학교,초,2.0,
공립,2,충청북도 단양군,충청북도단양교육지원청,충청북도교육청,M100000060,N,복식부기,예산세입,10000000,1640000,0,27480000,0,S110000387,543933000,M100000001,12,N,매포초등학교,초,2.0,
공립,2,충청북도 단양군,충청북도단양교육지원청,충청북도교육청,M100000060,N,복식부기,예산세입,0,800000,0,30226000,0,S110000393,535383000,M100000001,12,N,상진초등학교,,,
공립,2,충청북도 단양군,충청북도단양교육지원청,충청북도교육청,M100000060,N,복식부기,예산세입,3000000,362000,0,14800000,0,S110000396,370434000,M100000001,12,N,어상천초등학교,,,
공립,2,충청북도 단양군,충청북도단양교육지원청,충청북도교육청,M100000060,N,복식부기,예산세입,10000000,1700000,0,23322000,11661000,S110000404,521915000,M100000001,12,N,영춘초등학교,,,
공립,2,충청북도 보은군,충청북도보은교육지원청,충청북도교육청,M100000065,N,복식부기,예산세입,4000000,3000000,0,19814000,37891000,S110000422,690107000,M100000001,12,N,관기초등학교,초,2.0,
공립,2,충청북도 보은군,충청북도보은교육지원청,충청북도교육청,M100000065,N,복식부기,예산세입,4000000,1330000,0,19419000,26432000,S110000427,552381000,M100000001,12,N,내북초등학교,,,
공립,2,충청북도 보은군,충청북도보은교육지원청,충청북도교육청,M100000065,N,복식부기,예산세입,10000000,2400000,0,107252000,39521000,S110000431,1180287000,M100000001,12,N,동광초등학교,,,
공립,2,충청북도 보은군,충청북도보은교육지원청,충청북도교육청,M100000065,N,복식부기,예산세입,8000000,1200000,0,12266000,0,S110000444,362447000,M100000001,12,N,산외초등학교,,,
공립,2,충청북도 보은군,충청북도보은교육지원청,충청북도교육청,M100000065,N,복식부기,예산세입,8000000,2900000,0,58682000,37827000,S110000448,986997000,M100000001,12,N,보은삼산초등학교,,,
공립,2,충청북도 보은군,충청북도보은교육지원청,충청북도교육청,M100000065,N,복식부기,예산세입,4000000,600000,0,14153000,0,S110000452,329714000,M100000001,12,N,세중초등학교,,,
공립,2,충청북도 보은군,충청북도보은교육지원청,충청북도교육청,M100000065,N,복식부기,예산세입,10000000,1400000,0,26696000,0,S110000454,540057000,M100000001,12,N,속리초등학교,초,2.0,
공립,2,충청북도 보은군,충청북도보은교육지원청,충청북도교육청,M100000065,N,복식부기,예산세입,10000000,1500000,0,17927000,0,S110000457,534734000,M100000001,12,N,수정초등학교,,,
공립,2,충청북도 보은군,충청북도보은교육지원청,충청북도교육청,M100000065,N,복식부기,예산세입,10000000,1900000,0,16354000,0,S110000461,418361000,M100000001,12,N,수한초등학교,,,
공립,2,충청북도 보은군,충청북도보은교육지원청,충청북도교육청,M100000065,N,복식부기,예산세입,8000000,1220000,0,12285000,0,S110000466,392667000,M100000001,12,N,종곡초등학교,초,2.0,
공립,2,충청북도 보은군,충청북도보은교육지원청,충청북도교육청,M100000065,N,복식부기,예산세입,7000000,1650000,0,16983000,0,S110000468,355643000,M100000001,12,N,탄부초등학교,초,2.0,
공립,2,충청북도 보은군,충청북도보은교육지원청,충청북도교육청,M100000065,N,복식부기,예산세입,8000000,3700000,0,30564000,36453000,S110000470,901395000,M100000001,12,N,판동초등학교,초,2.0,
공립,2,충청북도 보은군,충청북도보은교육지원청,충청북도교육청,M100000065,N,복식부기,예산세입,5000000,650000,0,12266000,0,S110000472,503000000,M100000001,12,N,회남초등학교,,,
공립,2,충청북도 보은군,충청북도보은교육지원청,충청북도교육청,M100000065,N,복식부기,예산세입,5000000,2750000,0,19314000,69365000,S110000478,706446000,M100000001,12,N,회인초등학교,초,2.0,
공립,2,충청북도 영동군,충청북도영동교육지원청,충청북도교육청,M100000071,N,복식부기,예산세입,7000000,1500000,0,14438000,0,S110000501,332739000,M100000001,12,N,매곡초등학교,,,
공립,2,충청북도 영동군,충청북도영동교육지원청,충청북도교육청,M100000071,N,복식부기,예산세입,5000000,2460000,0,51355000,0,S110000508,583870000,M100000001,12,N,부용초등학교,,,
공립,2,충청북도 영동군,충청북도영동교육지원청,충청북도교육청,M100000071,N,복식부기,예산세입,10000000,3200000,0,16280000,0,S110000512,495057000,M100000001,12,N,상촌초등학교,,,
공립,2,충청북도 영동군,충청북도영동교육지원청,충청북도교육청,M100000071,N,복식부기,예산세입,7700000,710000,0,15735000,0,S110000519,323817000,M100000001,12,N,심천초등학교,,,
공립,2,충청북도 영동군,충청북도영동교육지원청,충청북도교육청,M100000071,N,복식부기,예산세입,7000000,1230000,0,23387000,0,S110000522,496000000,M100000001,12,N,양강초등학교,초,2.0,
공립,2,충청북도 영동군,충청북도영동교육지원청,충청북도교육청,M100000071,N,복식부기,예산세입,10000000,3000000,0,17458000,48402000,S110000524,361223000,M100000001,12,N,양산초등학교,,,
공립,2,충청북도 영동군,충청북도영동교육지원청,충청북도교육청,M100000071,N,복식부기,예산세입,5000000,850000,0,24968000,0,S110000527,440731000,M100000001,12,N,구룡초등학교,,,
공립,2,충청북도 영동군,충청북도영동교육지원청,충청북도교육청,M100000071,N,복식부기,예산세입,25000000,3000000,0,217521000,0,S110000528,1263781000,M100000001,12,N,영동초등학교,,,
공립,2,충청북도 영동군,충청북도영동교육지원청,충청북도교육청,M100000071,N,복식부기,예산세입,4000000,980000,0,11716000,0,S110000535,410847000,M100000001,12,N,용화초등학교,,,
공립,2,충청북도 영동군,충청북도영동교육지원청,충청북도교육청,M100000071,N,복식부기,예산세입,10000000,2200000,0,55269000,0,S110000539,825174000,M100000001,12,N,이수초등학교,,,
공립,2,충청북도 영동군,충청북도영동교육지원청,충청북도교육청,M100000071,N,복식부기,예산세입,5000000,1321000,0,16916000,70627000,S110000548,519453000,M100000001,12,N,추풍령초등학교,,,
공립,2,충청북도 영동군,충청북도영동교육지원청,충청북도교육청,M100000071,N,복식부기,예산세입,7000000,750000,0,20328000,0,S110000552,454508000,M100000001,12,N,학산초등학교,,,
공립,2,충청북도 영동군,충청북도영동교육지원청,충청북도교육청,M100000071,N,복식부기,예산세입,7000000,1040000,0,33427000,32164000,S110000555,667709000,M100000001,12,N,황간초등학교,,,
공립,2,충청북도 옥천군,충청북도옥천교육지원청,충청북도교육청,M100000077,N,복식부기,예산세입,7298000,550000,0,23484000,0,S110000566,401429000,M100000001,12,N,군남초등학교,,,
공립,2,충청북도 옥천군,충청북도옥천교육지원청,충청북도교육청,M100000077,N,복식부기,예산세입,10000000,2430000,0,14697000,0,S110000569,357661000,M100000001,12,N,군서초등학교,초,2.0,
공립,2,충청북도 옥천군,충청북도옥천교육지원청,충청북도교육청,M100000077,N,복식부기,예산세입,2000000,1300000,0,29748000,0,S110000574,581529000,M100000001,12,N,동이초등학교,초,2.0,
공립,2,충청북도 옥천군,충청북도옥천교육지원청,충청북도교육청,M100000077,Y,복식부기,,0,0,0,0,0,S110000575,0,M100000001,12,Y,동이초등학교우산분교장,,,분교 미포함
공립,2,충청북도 옥천군,충청북도옥천교육지원청,충청북도교육청,M100000077,N,복식부기,예산세입,30000000,5700000,0,167904000,0,S110000577,1416519000,M100000001,12,N,삼양초등학교,초,2.0,
공립,2,충청북도 옥천군,충청북도옥천교육지원청,충청북도교육청,M100000077,N,복식부기,예산세입,7500000,1320000,0,12597000,0,S110000580,340868000,M100000001,12,N,안남초등학교,초,2.0,
공립,2,충청북도 옥천군,충청북도옥천교육지원청,충청북도교육청,M100000077,N,복식부기,예산세입,5000000,2600000,0,19758000,31881000,S110000581,310657000,M100000001,12,N,안내초등학교,,,
공립,2,충청북도 옥천군,충청북도옥천교육지원청,충청북도교육청,M100000077,N,복식부기,예산세입,15000000,1750000,0,20525000,47726000,S110000593,467699000,M100000001,12,N,이원초등학교,,,
공립,2,충청북도 옥천군,충청북도옥천교육지원청,충청북도교육청,M100000077,N,복식부기,예산세입,20000000,4000000,0,77939000,0,S110000595,726586000,M100000001,12,N,죽향초등학교,,,
공립,2,충청북도 옥천군,충청북도옥천교육지원청,충청북도교육청,M100000077,N,복식부기,예산세입,16000000,5200000,0,23430000,0,S110000597,567946000,M100000001,12,N,증약초등학교,초,2.0,
공립,2,충청북도 옥천군,충청북도옥천교육지원청,충청북도교육청,M100000077,Y,복식부기,,0,0,0,0,0,S110000599,0,M100000001,12,Y,증약초등학교대정분교장,,,본교분교 통합회계 작성으로 정보공시는 본교에서 회계 작성함.
공립,2,충청북도 옥천군,충청북도옥천교육지원청,충청북도교육청,M100000077,N,복식부기,예산세입,9000000,4540000,0,20308000,0,S110000604,339303000,M100000001,12,N,청산초등학교,,,
공립,2,충청북도 옥천군,충청북도옥천교육지원청,충청북도교육청,M100000077,N,복식부기,예산세입,6000000,1800000,0,13735000,0,S110000607,374448000,M100000001,12,N,청성초등학교,초,2.0,
공립,2,충청북도 음성군,충청북도음성교육지원청,충청북도교육청,M100000083,N,복식부기,예산세입,17400000,3750000,0,75060000,0,S110000624,755251000,M100000001,12,N,감곡초등학교,,,
공립,2,충청북도 음성군,충청북도음성교육지원청,충청북도교육청,M100000083,N,복식부기,예산세입,2000000,1000000,0,167259000,0,S110000627,1032225000,M100000001,12,N,남신초등학교,,,
공립,2,충청북도 음성군,충청북도음성교육지원청,충청북도교육청,M100000083,N,복식부기,예산세입,23000000,3600000,0,242082000,64692000,S110000630,1503076000,M100000001,12,N,대소초등학교,,,
공립,2,충청북도 음성군,충청북도음성교육지원청,충청북도교육청,M100000083,N,복식부기,예산세입,10000000,9780000,0,25712000,0,S110000633,522474000,M100000001,12,N,맹동초등학교,,,
공립,2,충청북도 음성군,충청북도음성교육지원청,충청북도교육청,M100000083,N,복식부기,예산세입,11865000,8600000,0,168418000,0,S110000635,939638000,M100000001,12,N,무극초등학교,초,2.0,
공립,2,충청북도 음성군,충청북도음성교육지원청,충청북도교육청,M100000083,N,복식부기,예산세입,4000000,1600000,0,12225000,0,S110000638,494024000,M100000001,12,N,부윤초등학교,,,
공립,2,충청북도 음성군,충청북도음성교육지원청,충청북도교육청,M100000083,N,복식부기,예산세입,7500000,3700000,0,69397000,56000000,S110000640,962075000,M100000001,12,N,삼성초등학교,,,
공립,2,충청북도 음성군,충청북도음성교육지원청,충청북도교육청,M100000083,N,복식부기,예산세입,15000000,2180000,0,34400000,112291000,S110000642,606080000,M100000001,12,N,생극초등학교,,,
공립,2,충청북도 음성군,충청북도음성교육지원청,충청북도교육청,M100000083,N,복식부기,예산세입,5000000,6000000,0,24035000,0,S110000646,634012000,M100000001,12,N,소이초등학교,,,
공립,2,충청북도 음성군,충청북도음성교육지원청,충청북도교육청,M100000083,N,복식부기,예산세입,5000000,3000000,0,77936000,0,S110000648,807974000,M100000001,12,N,수봉초등학교,,,
공립,2,충청북도 음성군,충청북도음성교육지원청,충청북도교육청,M100000083,N,복식부기,예산세입,6000000,1500000,0,35126000,0,S110000649,517707000,M100000001,12,N,쌍봉초등학교,,,
공립,2,충청북도 음성군,충청북도음성교육지원청,충청북도교육청,M100000083,N,복식부기,예산세입,6000000,1100000,0,12939000,0,S110000650,520238000,M100000001,12,N,오갑초등학교,,,
공립,2,충청북도 음성군,충청북도음성교육지원청,충청북도교육청,M100000083,N,복식부기,예산세입,5000000,2800000,0,29263000,0,S110000652,397015000,M100000001,12,N,오선초등학교,,,
공립,2,충청북도 음성군,충청북도음성교육지원청,충청북도교육청,M100000083,N,복식부기,예산세입,20000000,2540000,0,126586000,0,S110000653,982001000,M100000001,12,N,용천초등학교,,,
공립,2,충청북도 음성군,충청북도음성교육지원청,충청북도교육청,M100000083,N,복식부기,예산세입,0,2150000,0,29585000,65301000,S110000654,583447000,M100000001,12,N,원남초등학교,,,
공립,2,충청북도 음성군,충청북도음성교육지원청,충청북도교육청,M100000083,N,복식부기,예산세입,4935000,1390000,0,27009000,0,S110000657,578291000,M100000001,12,N,원당초등학교,,,
공립,2,충청북도 음성군,충청북도음성교육지원청,충청북도교육청,M100000083,N,복식부기,예산세입,5000000,2225000,0,20314000,0,S110000660,457735000,M100000001,12,N,청룡초등학교,,,
공립,2,충청북도 음성군,충청북도음성교육지원청,충청북도교육청,M100000083,N,복식부기,예산세입,9000000,1450000,0,19722000,0,S110000663,478503000,M100000001,12,N,평곡초등학교,,,
공립,2,충청북도 음성군,충청북도음성교육지원청,충청북도교육청,M100000083,N,복식부기,예산세입,10000000,1100000,0,20218000,0,S110000664,497373000,M100000001,12,N,하당초등학교,,,
공립,2,충청북도 제천시,충청북도제천교육지원청,충청북도교육청,M100000091,N,복식부기,예산세입,10000000,2762000,0,14504000,2569000,S110000683,405258000,M100000001,12,N,금성초등학교,,,
공립,2,충청북도 제천시,충청북도제천교육지원청,충청북도교육청,M100000091,N,복식부기,예산세입,15000000,5900000,0,41582000,0,S110000688,717126000,M100000001,12,N,남당초등학교,,,
공립,2,충청북도 제천시,충청북도제천교육지원청,충청북도교육청,M100000091,N,복식부기,예산세입,5000000,9420000,0,55159000,0,S110000689,599421000,M100000001,12,N,남천초등학교,,,
공립,2,충청북도 제천시,충청북도제천교육지원청,충청북도교육청,M100000091,N,복식부기,예산세입,22000000,4150000,0,218966000,0,S110000696,1170006000,M100000001,12,N,동명초등학교,초,2.0,
공립,2,충청북도 제천시,충청북도제천교육지원청,충청북도교육청,M100000091,N,복식부기,예산세입,6586000,2661000,0,19532000,4176000,S110000698,537773000,M100000001,12,N,두학초등학교,,,
공립,2,충청북도 제천시,충청북도제천교육지원청,충청북도교육청,M100000091,N,복식부기,예산세입,30000000,4520000,0,337735000,0,S110000700,1557578000,M100000001,12,N,명지초등학교,,,
공립,2,충청북도 제천시,충청북도제천교육지원청,충청북도교육청,M100000091,N,복식부기,예산세입,5000000,650000,0,22059000,51029000,S110000701,413661000,M100000001,12,N,백운초등학교,,,
공립,2,충청북도 제천시,충청북도제천교육지원청,충청북도교육청,M100000091,N,복식부기,예산세입,1000000,1790000,0,24966000,48999000,S110000706,480477000,M100000001,12,N,봉양초등학교,초,2.0,
공립,2,충청북도 제천시,충청북도제천교육지원청,충청북도교육청,M100000091,N,복식부기,예산세입,15327000,2050000,0,18240000,19392000,S110000717,720585000,M100000001,12,N,송학초등학교,,,
공립,2,충청북도 제천시,충청북도제천교육지원청,충청북도교육청,M100000091,N,복식부기,예산세입,0,1800000,0,22819000,13374000,S110000721,441427000,M100000001,12,N,수산초등학교,,,
공립,2,충청북도 제천시,충청북도제천교육지원청,충청북도교육청,M100000091,N,복식부기,예산세입,20000000,5110000,0,147373000,0,S110000726,686742000,M100000001,12,N,신백초등학교,,,
공립,2,충청북도 제천시,충청북도제천교육지원청,충청북도교육청,M100000091,N,복식부기,예산세입,8000000,1028000,0,91655000,0,S110000731,692053000,M100000001,12,N,왕미초등학교,,,
공립,2,충청북도 제천시,충청북도제천교육지원청,충청북도교육청,M100000091,N,복식부기,예산세입,1500000,5400000,0,114260000,0,S110000732,1070523000,M100000001,12,N,용두초등학교,,,
공립,2,충청북도 제천시,충청북도제천교육지원청,충청북도교육청,M100000091,N,복식부기,예산세입,10000000,2300000,0,135363000,0,S110000739,978455000,M100000001,12,N,의림초등학교,초,2.0,
공립,2,충청북도 제천시,충청북도제천교육지원청,충청북도교육청,M100000091,N,복식부기,예산세입,9200000,1966000,0,21582000,25876000,S110000741,639044000,M100000001,12,N,제천덕산초등학교,,,
공립,2,충청북도 제천시,충청북도제천교육지원청,충청북도교육청,M100000091,N,복식부기,예산세입,15000000,7530000,0,105335000,0,S110000743,972317000,M100000001,12,N,제천중앙초등학교,,,
공립,2,충청북도 제천시,충청북도제천교육지원청,충청북도교육청,M100000091,N,복식부기,예산세입,8000000,1500000,0,28194000,13016000,S110000746,390600000,M100000001,12,N,청풍초등학교,,,
공립,2,충청북도 제천시,충청북도제천교육지원청,충청북도교육청,M100000091,N,복식부기,예산세입,2500000,500000,0,21601000,6717000,S110000753,288489000,M100000001,12,N,한송초등학교,,,
공립,2,충청북도 제천시,충청북도제천교육지원청,충청북도교육청,M100000091,N,복식부기,예산세입,6000000,7187000,0,208250000,0,S110000756,1185586000,M100000001,12,N,홍광초등학교,,,
공립,2,충청북도 제천시,충청북도제천교육지원청,충청북도교육청,M100000091,N,복식부기,예산세입,0,3310000,0,15067000,9000000,S110000757,741169000,M100000001,12,N,화당초등학교,,,
공립,2,충청북도 제천시,충청북도제천교육지원청,충청북도교육청,M100000091,N,복식부기,예산세입,15000000,2800000,0,116836000,0,S110000760,666906000,M100000001,12,N,화산초등학교,,,
공립,2,충청북도 진천군,충청북도진천교육지원청,충청북도교육청,M100000098,N,복식부기,예산세입,5000000,1400000,0,20334000,0,S110000769,395351000,M100000001,12,N,구정초등학교,,,
공립,2,충청북도 진천군,충청북도진천교육지원청,충청북도교육청,M100000098,N,복식부기,예산세입,5000000,742000,0,18031000,0,S110000771,345216000,M100000001,12,N,금구초등학교,,,
공립,2,충청북도 진천군,충청북도진천교육지원청,충청북도교육청,M100000098,N,복식부기,예산세입,20138000,7032000,0,196389000,0,S110000773,1407687000,M100000001,12,N,만승초등학교,,,
공립,2,충청북도 진천군,충청북도진천교육지원청,충청북도교육청,M100000098,N,복식부기,예산세입,5000000,2700000,0,21476000,0,S110000775,508230000,M100000001,12,N,문백초등학교,초,2.0,
공립,2,충청북도 진천군,충청북도진천교육지원청,충청북도교육청,M100000098,N,복식부기,예산세입,10000000,1850000,0,22726000,0,S110000777,468701000,M100000001,12,N,문상초등학교,,,
공립,2,충청북도 진천군,충청북도진천교육지원청,충청북도교육청,M100000098,N,복식부기,예산세입,7000000,1600000,0,19449000,0,S110000778,419705000,M100000001,12,N,백곡초등학교,초,2.0,
공립,2,충청북도 진천군,충청북도진천교육지원청,충청북도교육청,M100000098,N,복식부기,예산세입,15000000,2268000,0,20919000,0,S110000783,380855000,M100000001,12,N,성암초등학교,,,
공립,2,충청북도 진천군,충청북도진천교육지원청,충청북도교육청,M100000098,N,복식부기,예산세입,20000000,3300000,0,293464000,0,S110000787,2038872000,M100000001,12,N,옥동초등학교,,,
공립,2,충청북도 진천군,충청북도진천교육지원청,충청북도교육청,M100000098,N,복식부기,예산세입,1000000,1000000,0,32408000,53908000,S110000789,464671000,M100000001,12,N,이월초등학교,,,
공립,2,충청북도 진천군,충청북도진천교육지원청,충청북도교육청,M100000098,N,복식부기,예산세입,30000000,9153000,0,278215000,0,S110000790,1358220000,M100000001,12,N,진천삼수초등학교,,,
공립,2,충청북도 진천군,충청북도진천교육지원청,충청북도교육청,M100000098,N,복식부기,예산세입,20000000,9356000,0,128765000,0,S110000792,1072493000,M100000001,12,N,진천상산초등학교,,,
공립,2,충청북도 진천군,충청북도진천교육지원청,충청북도교육청,M100000098,N,복식부기,예산세입,12000000,5400000,0,21613000,0,S110000794,524437000,M100000001,12,N,초평초등학교,,,
공립,2,충청북도 진천군,충청북도진천교육지원청,충청북도교육청,M100000098,N,복식부기,예산세입,12500000,9410000,0,28735000,0,S110000795,442923000,M100000001,12,N,학성초등학교,,,
공립,2,충청북도 진천군,충청북도진천교육지원청,충청북도교육청,M100000098,N,복식부기,예산세입,10705000,3000000,0,81198000,0,S110000796,629062000,M100000001,12,N,한천초등학교,초,2.0,
공립,2,충청북도 청주시 상당구,충청북도청주교육지원청,충청북도교육청,M100000109,N,복식부기,예산세입,20000000,3800000,0,15041000,92622000,S110000808,489584000,M100000001,12,N,가덕초등학교,,,
공립,2,충청북도 청주시 청원구,충청북도청주교육지원청,충청북도교육청,M100000109,N,복식부기,예산세입,30000000,9600000,0,489803000,0,S110000812,2308656000,M100000001,12,N,각리초등학교,,,
공립,2,충청북도 청주시 서원구,충청북도청주교육지원청,충청북도교육청,M100000109,N,복식부기,예산세입,2000000,1300000,0,16356000,0,S110000815,524939000,M100000001,12,N,갈원초등학교,초,2.0,
공립,2,충청북도 청주시 흥덕구,충청북도청주교육지원청,충청북도교육청,M100000109,N,복식부기,예산세입,2000000,1500000,0,24540000,0,S110000816,477881000,M100000001,12,N,강내초등학교,초,2.0,
공립,2,충청북도 청주시 흥덕구,충청북도청주교육지원청,충청북도교육청,M100000109,N,복식부기,예산세입,1000000,2700000,0,74715000,0,S110000818,868102000,M100000001,12,N,오송초등학교,초,2.0,
공립,2,충청북도 청주시 서원구,충청북도청주교육지원청,충청북도교육청,M100000109,N,복식부기,예산세입,0,1240000,0,30391000,0,S110000828,605956000,M100000001,12,N,남이초등학교,,,
공립,2,충청북도 청주시 상당구,충청북도청주교육지원청,충청북도교육청,M100000109,N,복식부기,예산세입,10000000,2740000,0,113232000,39446000,S110000829,894444000,M100000001,12,N,남일초등학교,,,
공립,2,충청북도 청주시 상당구,충청북도청주교육지원청,충청북도교육청,M100000109,N,복식부기,예산세입,0,2695000,0,22272000,0,S110000832,465117000,M100000001,12,N,낭성초등학교,,,
공립,2,충청북도 청주시 청원구,충청북도청주교육지원청,충청북도교육청,M100000109,N,복식부기,예산세입,0,2000000,0,115910000,0,S110000834,1063017000,M100000001,12,N,내수초등학교,초,2.0,
공립,2,충청북도 청주시 청원구,충청북도청주교육지원청,충청북도교육청,M100000109,N,복식부기,예산세입,8000000,820000,0,14205000,0,S110000836,404870000,M100000001,12,N,대길초등학교,,,
공립,2,충청북도 청주시 상당구,충청북도청주교육지원청,충청북도교육청,M100000109,N,복식부기,예산세입,0,921000,0,16096000,0,S110000838,598281000,M100000001,12,N,동화초등학교,,,
공립,2,충청북도 청주시 흥덕구,충청북도청주교육지원청,충청북도교육청,M100000109,N,복식부기,예산세입,20000000,4550000,0,594665000,0,S110000840,1972120000,M100000001,12,N,만수초등학교,,,
공립,2,충청북도 청주시 상당구,충청북도청주교육지원청,충청북도교육청,M100000109,N,복식부기,예산세입,22000000,3800000,0,106384000,129144000,S110000843,655634000,M100000001,12,N,문의초등학교,,,
공립,2,충청북도 청주시 상당구,충청북도청주교육지원청,충청북도교육청,M100000109,Y,복식부기,,0,0,0,0,0,S110000845,0,M100000001,12,Y,문의초등학교도원분교장,,,본교와 통합하여 운영
공립,2,충청북도 청주시 상당구,충청북도청주교육지원청,충청북도교육청,M100000109,N,복식부기,예산세입,10000000,2300000,0,31748000,54344000,S110000848,889489000,M100000001,12,N,미원초등학교,,,
공립,2,충청북도 청주시 상당구,충청북도청주교육지원청,충청북도교육청,M100000103,Y,복식부기,,0,0,0,0,0,S110000849,0,M100000001,12,Y,미원초등학교금관분교장,,,본교에서 학교회계 통합예산관리
공립,2,충청북도 청주시 청원구,충청북도청주교육지원청,충청북도교육청,M100000109,N,복식부기,예산세입,10000000,1200000,0,24881000,37349000,S110000855,501738000,M100000001,12,N,북이초등학교,초,2.0,
공립,2,충청북도 청주시 청원구,충청북도청주교육지원청,충청북도교육청,M100000109,N,복식부기,예산세입,2000000,880000,0,48895000,0,S110000856,559872000,M100000001,12,N,비상초등학교,,,
공립,2,충청북도 청주시 흥덕구,충청북도청주교육지원청,충청북도교육청,M100000109,N,복식부기,예산세입,8000000,1200000,0,18572000,0,S110000858,366528000,M100000001,12,N,상봉초등학교,초,2.0,
공립,2,충청북도 청주시 청원구,충청북도청주교육지원청,충청북도교육청,M100000109,N,복식부기,예산세입,5000000,0,0,20715000,0,S110000860,473423000,M100000001,12,N,석성초등학교,초,2.0,
공립,2,충청북도 청주시 청원구,충청북도청주교육지원청,충청북도교육청,M100000109,N,복식부기,예산세입,15000000,7000000,0,242154000,0,S110000862,1739640000,M100000001,12,N,수성초등학교,,,
공립,2,충청북도 청주시 청원구,충청북도청주교육지원청,충청북도교육청,M100000109,Y,복식부기,,0,0,0,0,0,S110000863,0,M100000001,12,Y,수성초등학교구성분교장,초,2.0,분교는 해당항목에 대해서 통계자료가 없으므로 제외함
공립,2,충청북도 청주시 상당구,충청북도청주교육지원청,충청북도교육청,M100000109,N,복식부기,예산세입,9000000,800000,0,15511000,0,S110000865,465784000,M100000001,12,N,신송초등학교,,,
공립,2,충청북도 청주시 청원구,충청북도청주교육지원청,충청북도교육청,M100000109,N,복식부기,예산세입,10000000,4600000,0,154852000,0,S110000866,1274516000,M100000001,12,N,오창초등학교,,,
공립,2,충청북도 청주시 흥덕구,충청북도청주교육지원청,충청북도교육청,M100000109,N,복식부기,예산세입,20000000,2000000,0,133172000,0,S110000869,1164893000,M100000001,12,N,옥산초등학교,,,
공립,2,충청북도 청주시 서원구,충청북도청주교육지원청,충청북도교육청,M100000109,N,복식부기,예산세입,4791000,930000,0,12406000,0,S110000873,458120000,M100000001,12,N,옥포초등학교,,,
공립,2,충청북도 청주시 청원구,충청북도청주교육지원청,충청북도교육청,M100000109,N,복식부기,예산세입,40000000,20750000,0,283478000,0,S110000887,1659186000,M100000001,12,N,청원초등학교,초,2.0,
공립,2,충청북도 청주시 상당구,충청북도청주교육지원청,충청북도교육청,M100000109,N,복식부기,예산세입,5000000,1920000,0,15526000,0,S110000888,455113000,M100000001,12,N,행정초등학교,,,
공립,2,충청북도 청주시 서원구,충청북도청주교육지원청,충청북도교육청,M100000109,N,복식부기,예산세입,5000000,650000,0,16098000,71374000,S110000889,441961000,M100000001,12,N,현도초등학교,,,
공립,2,충청북도 청주시 흥덕구,충청북도청주교육지원청,충청북도교육청,M100000109,N,복식부기,예산세입,5000000,7100000,0,142932000,0,S110000924,780691000,M100000001,12,N,가경초등학교,초,2.0,
공립,2,충청북도 청주시 흥덕구,충청북도청주교육지원청,충청북도교육청,M100000109,N,복식부기,예산세입,15000000,5100000,0,472240000,0,S110000925,1736509000,M100000001,12,N,강서초등학교,,,
공립,2,충청북도 청주시 서원구,충청북도청주교육지원청,충청북도교육청,M100000109,N,복식부기,예산세입,20000000,8800000,0,430088000,0,S110000926,1422202000,M100000001,12,N,개신초등학교,초,2.0,
공립,2,충청북도 청주시 흥덕구,충청북도청주교육지원청,충청북도교육청,M100000109,N,복식부기,예산세입,15005000,2500000,0,188061000,0,S110000927,1147932000,M100000001,12,N,경덕초등학교,,,
공립,2,충청북도 청주시 흥덕구,충청북도청주교육지원청,충청북도교육청,M100000109,N,복식부기,예산세입,3000000,3600000,0,184458000,0,S110000928,917578000,M100000001,12,N,경산초등학교,,,
공립,2,충청북도 청주시 상당구,충청북도청주교육지원청,충청북도교육청,M100000109,N,복식부기,예산세입,10000000,3680000,0,479905000,0,S110000929,1420417000,M100000001,12,N,교동초등학교,,,
공립,2,충청북도 청주시 상당구,충청북도청주교육지원청,충청북도교육청,M100000109,N,복식부기,예산세입,3000000,3100000,0,58803000,0,S110000930,1419541000,M100000001,12,N,금천초등학교,초,2.0,
공립,2,충청북도 청주시 서원구,충청북도청주교육지원청,충청북도교육청,M100000109,N,복식부기,예산세입,15000000,6200000,0,263623000,0,S110000931,1199299000,M100000001,12,N,남성초등학교,,,
공립,2,충청북도 청주시 서원구,충청북도청주교육지원청,충청북도교육청,M100000109,N,복식부기,예산세입,10000000,6335000,0,324490000,0,S110000932,1394534000,M100000001,12,N,남평초등학교,초,2.0,
공립,2,충청북도 청주시 청원구,충청북도청주교육지원청,충청북도교육청,M100000109,N,복식부기,예산세입,5000000,1600000,0,128035000,0,S110000934,715294000,M100000001,12,N,청주내덕초등학교,,,
공립,2,충청북도 청주시 청원구,충청북도청주교육지원청,충청북도교육청,M100000109,N,복식부기,예산세입,10000000,4000000,0,158472000,0,S110000936,904334000,M100000001,12,N,덕벌초등학교,,,
공립,2,충청북도 청주시 청원구,충청북도청주교육지원청,충청북도교육청,M100000109,N,복식부기,예산세입,2000000,12600000,0,227986000,0,S110000937,901369000,M100000001,12,N,덕성초등학교,초,2.0,
공립,2,충청북도 청주시 상당구,충청북도청주교육지원청,충청북도교육청,M100000109,N,복식부기,예산세입,15000000,15000000,0,595785000,0,S110000938,1330472000,M100000001,12,N,동주초등학교,,,
공립,2,충청북도 청주시 서원구,충청북도청주교육지원청,충청북도교육청,M100000109,N,복식부기,예산세입,10000000,6550000,0,146390000,0,S110000939,1011509000,M100000001,12,N,모충초등학교,초,2.0,
공립,2,충청북도 청주시 흥덕구,충청북도청주교육지원청,충청북도교육청,M100000109,N,복식부기,예산세입,35000000,4050000,0,688213000,0,S110000940,2722449000,M100000001,12,N,복대초등학교,,,
공립,2,충청북도 청주시 흥덕구,충청북도청주교육지원청,충청북도교육청,M100000109,N,복식부기,예산세입,20000000,5900000,0,224773000,0,S110000941,1770744000,M100000001,12,N,봉명초등학교,초,2.0,
공립,2,충청북도 청주시 흥덕구,충청북도청주교육지원청,충청북도교육청,M100000109,N,복식부기,예산세입,7000000,3960000,0,254195000,0,S110000942,936372000,M100000001,12,N,봉정초등학교,,,
공립,2,충청북도 청주시 청원구,충청북도청주교육지원청,충청북도교육청,M100000109,N,복식부기,예산세입,5000000,400000,0,20355000,0,S110000943,457120000,M100000001,12,N,북일초등학교,,,
공립,2,충청북도 청주시 서원구,충청북도청주교육지원청,충청북도교육청,M100000109,N,복식부기,예산세입,12000000,4200000,0,275956000,0,S110000945,1122544000,M100000001,12,N,분평초등학교,초,2.0,
공립,2,충청북도 청주시 서원구,충청북도청주교육지원청,충청북도교육청,M100000109,N,복식부기,예산세입,20000000,5000000,0,132509000,0,S110000946,1042628000,M100000001,12,N,사직초등학교,초,2.0,
공립,2,충청북도 청주시 상당구,충청북도청주교육지원청,충청북도교육청,M100000109,N,복식부기,예산세입,35000000,7000000,0,36002000,0,S110000950,1808575000,M100000001,12,N,상당초등학교,초,2.0,
공립,2,충청북도 청주시 청원구,충청북도청주교육지원청,충청북도교육청,M100000109,N,복식부기,예산세입,20000000,6300000,0,288462000,0,S110000951,1035121000,M100000001,12,N,새터초등학교,,,
공립,2,충청북도 청주시 흥덕구,충청북도청주교육지원청,충청북도교육청,M100000109,N,복식부기,예산세입,5000000,1050000,0,142824000,0,S110000952,719399000,M100000001,12,N,서원초등학교,,,
공립,2,충청북도 청주시 흥덕구,충청북도청주교육지원청,충청북도교육청,M100000109,N,복식부기,예산세입,3000000,0,0,44584000,0,S110000953,542188000,M100000001,12,N,서촌초등학교,,,
공립,2,충청북도 청주시 상당구,충청북도청주교육지원청,충청북도교육청,M100000109,N,복식부기,예산세입,10002000,3500000,0,207803000,0,S110000954,877850000,M100000001,12,N,석교초등학교,초,2.0,
공립,2,충청북도 청주시 서원구,충청북도청주교육지원청,충청북도교육청,M100000109,N,복식부기,예산세입,20000000,2340000,0,260150000,0,S110000955,1035444000,M100000001,12,N,수곡초등학교,,,
공립,2,충청북도 청주시 상당구,충청북도청주교육지원청,충청북도교육청,M100000109,N,복식부기,예산세입,20000000,3300000,0,157560000,0,S110000956,888289000,M100000001,12,N,용담초등학교,초,2.0,
공립,2,충청북도 청주시 상당구,충청북도청주교육지원청,충청북도교육청,M100000109,Y,복식부기,,0,0,0,0,0,S110000957,0,M100000001,12,Y,용담초등학교현양원분교장,초,2.0,본교 포함
공립,2,충청북도 청주시 상당구,충청북도청주교육지원청,충청북도교육청,M100000109,N,복식부기,예산세입,7000000,4990000,0,215359000,0,S110000958,1012381000,M100000001,12,N,용암초등학교,,,
공립,2,충청북도 청주시 청원구,충청북도청주교육지원청,충청북도교육청,M100000109,N,복식부기,예산세입,3000000,2990000,0,131815000,0,S110000960,672316000,M100000001,12,N,우암초등학교,초,2.0,
공립,2,충청북도 청주시 상당구,충청북도청주교육지원청,충청북도교육청,M100000109,N,복식부기,예산세입,20000000,4100000,0,338750000,0,S110000961,1716138000,M100000001,12,N,운동초등학교,,,
공립,2,충청북도 청주시 흥덕구,충청북도청주교육지원청,충청북도교육청,M100000109,N,복식부기,예산세입,0,2200000,0,254100000,0,S110000962,1476415000,M100000001,12,N,운천초등학교,초,2.0,
공립,2,충청북도 청주시 상당구,충청북도청주교육지원청,충청북도교육청,M100000109,N,복식부기,예산세입,16000000,2000000,0,215274000,0,S110000964,1039654000,M100000001,12,N,원봉초등학교,,,
공립,2,충청북도 청주시 서원구,충청북도청주교육지원청,충청북도교육청,M100000109,N,복식부기,예산세입,3000000,4000000,0,287179000,0,S110000965,1113206000,M100000001,12,N,원평초등학교,초,2.0,
공립,2,충청북도 청주시 청원구,충청북도청주교육지원청,충청북도교육청,M100000109,N,복식부기,예산세입,16000000,8100000,0,312856000,0,S110000966,1155727000,M100000001,12,N,율량초등학교,초,2.0,
공립,2,충청북도 청주시 상당구,충청북도청주교육지원청,충청북도교육청,M100000109,N,복식부기,예산세입,10000000,6000000,0,149770000,0,S110000967,818379000,M100000001,12,N,주성초등학교,,,
공립,2,충청북도 청주시 청원구,충청북도청주교육지원청,충청북도교육청,M100000109,N,복식부기,예산세입,10000000,9500000,0,378206000,0,S110000968,2414939000,M100000001,12,N,중앙초등학교,초,2.0,
공립,2,충청북도 청주시 흥덕구,충청북도청주교육지원청,충청북도교육청,M100000109,N,복식부기,예산세입,35000000,9000000,0,516313000,0,S110000969,1419750000,M100000001,12,N,증안초등학교,,,
공립,2,충청북도 청주시 흥덕구,충청북도청주교육지원청,충청북도교육청,M100000109,N,복식부기,예산세입,30000000,8500000,0,362868000,0,S110000970,1253405000,M100000001,12,N,진흥초등학교,초,2.0,
공립,2,충청북도 청주시 서원구,충청북도청주교육지원청,충청북도교육청,M100000109,N,복식부기,예산세입,10000000,2800000,0,303474000,0,S110000971,1839661000,M100000001,12,N,창신초등학교,,,
공립,2,충청북도 청주시 상당구,충청북도청주교육지원청,충청북도교육청,M100000109,N,복식부기,예산세입,10000000,2652000,0,49552000,0,S110000972,783570000,M100000001,12,N,청남초등학교,초,2.0,
공립,2,충청북도 청주시 흥덕구,충청북도청주교육지원청,충청북도교육청,M100000109,N,복식부기,예산세입,5000000,2300000,0,162846000,0,S110000974,962217000,M100000001,12,N,풍광초등학교,,,
공립,2,충청북도 청주시 서원구,충청북도청주교육지원청,충청북도교육청,M100000109,N,복식부기,예산세입,5000000,2420000,0,128159000,0,S110000975,735244000,M100000001,12,N,한벌초등학교,초,2.0,
공립,2,충청북도 청주시 서원구,충청북도청주교육지원청,충청북도교육청,M100000109,N,복식부기,예산세입,20000000,5350000,0,106007000,0,S110000976,638093000,M100000001,12,N,한솔초등학교,초,2.0,
공립,2,충청북도 청주시 흥덕구,충청북도청주교육지원청,충청북도교육청,M100000109,N,복식부기,예산세입,18000000,6800000,0,129785000,0,S110000978,724910000,M100000001,12,N,흥덕초등학교,,,
공립,2,충청북도 충주시,충청북도충주교육지원청,충청북도교육청,M100000120,N,복식부기,예산세입,3000000,650000,0,16605000,0,S110000998,454944000,M100000001,12,N,가흥초등학교,,,
공립,2,충청북도 충주시,충청북도충주교육지원청,충청북도교육청,M100000120,N,복식부기,예산세입,16000000,2905000,0,50237000,0,S110001003,512105000,M100000001,12,N,금가초등학교,,,
공립,2,충청북도 충주시,충청북도충주교육지원청,충청북도교육청,M100000120,N,복식부기,예산세입,5000000,3950000,0,21274000,29367000,S110001006,489085000,M100000001,12,N,노은초등학교,,,
공립,2,충청북도 충주시,충청북도충주교육지원청,충청북도교육청,M100000120,N,복식부기,예산세입,10000000,3050000,0,27661000,0,S110001011,399489000,M100000001,12,N,단월초등학교,,,
공립,2,충청북도 충주시,충청북도충주교육지원청,충청북도교육청,M100000120,N,복식부기,예산세입,5000000,2400000,0,48243000,0,S110001012,583358000,M100000001,12,N,달천초등학교,초,2.0,
공립,2,충청북도 충주시,충청북도충주교육지원청,충청북도교육청,M100000120,Y,복식부기,,0,0,0,0,0,S110001013,0,M100000001,12,Y,달천초등학교매현분교장,초,2.0,본교에서 분교 내용을 통합하여 공시하므로 제외함.
공립,2,충청북도 충주시,충청북도충주교육지원청,충청북도교육청,M100000120,N,복식부기,예산세입,15000000,2200000,0,22664000,79844000,S110001015,519495000,M100000001,12,N,대미초등학교,초,2.0,
공립,2,충청북도 충주시,충청북도충주교육지원청,충청북도교육청,M100000120,N,복식부기,예산세입,3000000,1250000,0,31179000,0,S110001017,387727000,M100000001,12,N,덕신초등학교,초,2.0,
공립,2,충청북도 충주시,충청북도충주교육지원청,충청북도교육청,M100000120,N,복식부기,예산세입,5000000,1000000,0,19425000,0,S110001020,369504000,M100000001,12,N,동량초등학교,,,
공립,2,충청북도 충주시,충청북도충주교육지원청,충청북도교육청,M100000120,N,복식부기,예산세입,10000000,4600000,0,117623000,0,S110001031,724884000,M100000001,12,N,목행초등학교,,,
공립,2,충청북도 충주시,충청북도충주교육지원청,충청북도교육청,M100000120,N,복식부기,예산세입,15000000,1840000,0,28971000,25197000,S110001034,588180000,M100000001,12,N,산척초등학교,,,
공립,2,충청북도 충주시,충청북도충주교육지원청,충청북도교육청,M100000120,N,복식부기,예산세입,5000000,545000,0,22796000,44675000,S110001045,393595000,M100000001,12,N,세성초등학교,초,2.0,
공립,2,충청북도 충주시,충청북도충주교육지원청,충청북도교육청,M100000120,N,복식부기,예산세입,7011000,1700000,0,11000000,0,S110001049,313647000,M100000001,12,N,소태초등학교,,,
공립,2,충청북도 충주시,충청북도충주교육지원청,충청북도교육청,M100000120,N,복식부기,예산세입,5000000,1700000,0,24843000,29810000,S110001053,357263000,M100000001,12,N,수안보초등학교,,,
공립,2,충청북도 충주시,충청북도충주교육지원청,충청북도교육청,M100000120,N,복식부기,예산세입,5000000,600000,0,17395000,0,S110001057,345275000,M100000001,12,N,수회초등학교,,,
공립,2,충청북도 충주시,충청북도충주교육지원청,충청북도교육청,M100000120,N,복식부기,예산세입,8000000,3200000,0,24044000,32485000,S110001060,529394000,M100000001,12,N,앙성초등학교,초,2.0,
공립,2,충청북도 충주시,충청북도충주교육지원청,충청북도교육청,M100000120,N,복식부기,예산세입,9061000,1400000,0,22873000,53666000,S110001064,573455000,M100000001,12,N,엄정초등학교,,,
공립,2,충청북도 충주시,충청북도충주교육지원청,충청북도교육청,M100000120,N,복식부기,예산세입,1000000,2880000,0,41447000,0,S110001065,491021000,M100000001,12,N,연수초등학교,,,
공립,2,충청북도 충주시,충청북도충주교육지원청,충청북도교육청,M100000120,N,복식부기,예산세입,5000000,660000,0,23806000,0,S110001068,317603000,M100000001,12,N,오석초등학교,초,2.0,
공립,2,충청북도 충주시,충청북도충주교육지원청,충청북도교육청,M100000120,N,복식부기,예산세입,10000000,2950000,0,155610000,0,S110001069,1012491000,M100000001,12,N,충주용산초등학교,초,2.0,
공립,2,충청북도 충주시,충청북도충주교육지원청,충청북도교육청,M100000120,N,복식부기,예산세입,10000000,1530000,0,32394000,31650000,S110001070,614043000,M100000001,12,N,용원초등학교,초,2.0,
공립,2,충청북도 충주시,충청북도충주교육지원청,충청북도교육청,M100000120,N,복식부기,예산세입,4000000,2900000,0,20702000,0,S110001075,383764000,M100000001,12,N,주덕초등학교,초,2.0,
공립,2,충청북도 충주시,충청북도충주교육지원청,충청북도교육청,M100000120,N,복식부기,예산세입,20000000,1550000,0,107352000,0,S110001079,762139000,M100000001,12,N,충주교현초등학교,,,
공립,2,충청북도 충주시,충청북도충주교육지원청,충청북도교육청,M100000120,N,복식부기,예산세입,10000000,6700000,0,91425000,0,S110001080,1436700000,M100000001,12,N,충주남산초등학교,초,2.0,
공립,2,충청북도 충주시,충청북도충주교육지원청,충청북도교육청,M100000120,N,복식부기,예산세입,16000000,6500000,0,107103000,0,S110001081,657236000,M100000001,12,N,충주대림초등학교,초,2.0,
공립,2,충청북도 충주시,충청북도충주교육지원청,충청북도교육청,M100000120,N,복식부기,예산세입,7000000,2000000,0,108198000,0,S110001082,647174000,M100000001,12,N,충주삼원초등학교,,,
공립,2,충청북도 충주시,충청북도충주교육지원청,충청북도교육청,M100000120,N,복식부기,예산세입,25000000,2000000,0,273183000,0,S110001083,1048990000,M100000001,12,N,충주성남초등학교,,,
공립,2,충청북도 충주시,충청북도충주교육지원청,충청북도교육청,M100000120,N,복식부기,예산세입,15000000,5790000,0,56620000,0,S110001087,611172000,M100000001,12,N,충주예성초등학교,,,
공립,2,충청북도 충주시,충청북도충주교육지원청,충청북도교육청,M100000120,N,복식부기,예산세입,20000000,3300000,0,166547000,0,S110001089,741017000,M100000001,12,N,충주중앙초등학교,,,
공립,2,충청북도 충주시,충청북도충주교육지원청,충청북도교육청,M100000120,N,복식부기,예산세입,18460000,5700000,0,82930000,0,S110001090,846807000,M100000001,12,N,칠금초등학교,,,
공립,2,충청북도 충주시,충청북도충주교육지원청,충청북도교육청,M100000120,N,복식부기,예산세입,25000000,4080000,0,434585000,0,S110001091,1159871000,M100000001,12,N,탄금초등학교,,,
공립,2,충청북도 영동군,충청북도영동교육지원청,충청북도교육청,M100000071,N,복식부기,예산세입,8000000,2350000,0,13671000,0,S110001837,367168000,M100000001,12,N,초강초등학교,,,
공립,2,충청북도 제천시,충청북도제천교육지원청,충청북도교육청,M100000091,N,복식부기,예산세입,30000000,7580000,0,161583000,0,S110001845,1671686000,M100000001,12,N,장락초등학교,초,2.0,
공립,2,충청북도 청주시 서원구,충청북도청주교육지원청,충청북도교육청,M100000109,N,복식부기,예산세입,20000000,3800000,0,328615000,0,S110001857,1213301000,M100000001,12,N,죽림초등학교,초,2.0,
공립,2,충청북도 청주시 상당구,충청북도청주교육지원청,충청북도교육청,M100000109,N,복식부기,예산세입,10000000,12400000,0,561002000,0,S110001858,1990813000,M100000001,12,N,산성초등학교,초,2.0,
공립,2,충청북도 청주시 청원구,충청북도청주교육지원청,충청북도교육청,M100000109,N,복식부기,예산세입,20000000,3650000,0,346283000,0,S110001859,1648057000,M100000001,12,N,주중초등학교,,,
공립,2,충청북도 청주시 청원구,충청북도청주교육지원청,충청북도교육청,M100000109,N,복식부기,예산세입,10000000,2500000,0,300402000,0,S110001860,1323689000,M100000001,12,N,사천초등학교,,,
공립,2,충청북도 청주시 흥덕구,충청북도청주교육지원청,충청북도교육청,M100000109,N,복식부기,예산세입,11000000,4461000,0,261441000,0,S110001861,1193536000,M100000001,12,N,서경초등학교,초,2.0,
공립,2,충청북도 청주시 흥덕구,충청북도청주교육지원청,충청북도교육청,M100000109,N,복식부기,예산세입,10000000,5120000,0,254742000,0,S110001862,1153483000,M100000001,12,N,봉덕초등학교,,,
공립,2,충청북도 청주시 상당구,충청북도청주교육지원청,충청북도교육청,M100000109,N,복식부기,예산세입,42000000,14904000,0,602863000,0,S110001863,1421779000,M100000001,12,N,용성초등학교,초,2.0,
공립,2,충청북도 제천시,충청북도제천교육지원청,충청북도교육청,M100000091,N,복식부기,예산세입,25000000,6090000,0,91478000,0,S110001865,716302000,M100000001,12,N,내토초등학교,,,
공립,2,충청북도 충주시,충청북도충주교육지원청,충청북도교육청,M100000120,N,복식부기,예산세입,10000000,3100000,0,256368000,0,S110001872,1284595000,M100000001,12,N,충주금릉초등학교,초,2.0,
공립,2,충청북도 청주시 서원구,충청북도청주교육지원청,충청북도교육청,M100000109,N,복식부기,예산세입,17000000,2000000,0,406758000,0,S110001874,1391300000,M100000001,12,N,산남초등학교,,,
공립,2,충청북도 청주시 서원구,충청북도청주교육지원청,충청북도교육청,M100000109,N,복식부기,예산세입,15000000,5600000,0,344737000,0,S110001878,1295266000,M100000001,12,N,샛별초등학교,초,2.0,
공립,2,충청북도 청주시 청원구,충청북도청주교육지원청,충청북도교육청,M100000109,N,복식부기,예산세입,14000000,4750000,0,358223000,2220000,S110001886,1583031000,M100000001,12,N,비봉초등학교,,,
공립,2,충청북도 옥천군,충청북도옥천교육지원청,충청북도교육청,M100000077,N,복식부기,예산세입,8000000,1200000,0,97943000,0,S110001889,943080000,M100000001,12,N,장야초등학교,,,
공립,2,충청북도 청주시 서원구,충청북도청주교육지원청,충청북도교육청,M100000109,N,복식부기,예산세입,30000000,2300000,0,364123000,0,S110001891,1523852000,M100000001,12,N,성화초등학교,,,
공립,2,충청북도 충주시,충청북도충주교육지원청,충청북도교육청,M100000120,N,복식부기,예산세입,30000000,4850000,0,321826000,0,S110001919,1587287000,M100000001,12,N,국원초등학교,초,2.0,
공립,2,충청북도 청주시 흥덕구,충청북도청주교육지원청,충청북도교육청,M100000109,N,복식부기,예산세입,30000000,4350000,0,478124000,0,S110001951,1709216000,M100000001,12,N,서현초등학교,,,
공립,2,충청북도 청주시 흥덕구,충청북도청주교육지원청,충청북도교육청,M100000109,N,복식부기,예산세입,25000000,6500000,0,310962000,0,S110001955,1188553000,M100000001,12,N,직지초등학교,,,
공립,2,충청북도 청주시 흥덕구,충청북도청주교육지원청,충청북도교육청,M100000109,N,복식부기,예산세입,20000000,5500000,0,803618000,0,S110001958,2514327000,M100000001,12,N,솔밭초등학교,초,2.0,
공립,2,충청북도 음성군,충청북도음성교육지원청,충청북도교육청,M100000083,N,복식부기,예산세입,30000000,3800000,0,221273000,0,S110001998,1556933000,M100000001,12,N,동성초등학교,초,2.0,
공립,2,충청북도 청주시 청원구,충청북도청주교육지원청,충청북도교육청,M100000109,N,복식부기,예산세입,20000000,2400000,0,279601000,0,S110002003,1038906000,M100000001,12,N,양청초등학교,,,
공립,2,충청북도 청주시 청원구,충청북도청주교육지원청,충청북도교육청,M100000109,N,복식부기,예산세입,15000000,2000000,0,737546000,0,S110002005,2411929000,M100000001,12,N,창리초등학교,,,
공립,2,충청북도 청주시 흥덕구,충청북도청주교육지원청,충청북도교육청,M100000109,N,복식부기,예산세입,2000000,5600000,0,301860000,0,S110002199,1992623000,M100000001,12,N,청주소로초등학교,,,
공립,2,충청북도 청주시 흥덕구,충청북도청주교육지원청,충청북도교육청,M100000109,N,복식부기,예산세입,50000000,2000000,0,624020000,0,S110002200,2656688000,M100000001,12,N,청주내곡초등학교,,,
공립,2,충청북도 진천군,충청북도진천교육지원청,충청북도교육청,M100000098,N,복식부기,예산세입,20000000,3500000,0,253312000,0,S110002201,2217889000,M100000001,12,N,진천상신초등학교,,,
공립,2,충청북도 청주시 상당구,충청북도청주교육지원청,충청북도교육청,M100000109,N,복식부기,예산세입,10000000,9550000,0,546892000,0,S110002202,2295482000,M100000001,12,N,단재초등학교,,,
공립,2,충청북도 충주시,충청북도충주교육지원청,충청북도교육청,M100000120,N,복식부기,예산세입,40000000,5400000,0,522283000,0,S110002213,1753237000,M100000001,12,N,충주중앙탑초등학교,,,
공립,2,충청북도 청주시 청원구,충청북도청주교육지원청,충청북도교육청,M100000109,N,복식부기,예산세입,27924000,4900000,0,460204000,277189000,S110002234,1784971000,M100000001,12,N,생명초등학교,초,2.0,
공립,2,충청북도 충주시,충청북도충주교육지원청,충청북도교육청,M100000120,N,복식부기,예산세입,10000000,600000,0,54390000,136133000,S110002236,986025000,M100000001,12,N,충주대소원초등학교,,,
공립,2,충청북도 충주시,충청북도충주교육지원청,충청북도교육청,M100000120,N,복식부기,예산세입,50000000,10431000,0,339353000,0,S110002238,2366950000,M100000001,12,N,충주남한강초등학교,,,
공립,2,충청북도 청주시 상당구,충청북도청주교육지원청,충청북도교육청,M100000109,N,복식부기,예산세입,10000000,1500000,0,841732000,0,S110002253,2513665000,M100000001,12,N,용아초등학교,초,2.0,
공립,2,충청북도 충주시,충청북도충주교육지원청,충청북도교육청,M100000120,Y,복식부기,,0,0,0,0,0,S110002320,0,M100000001,12,Y,용원초등학교동락분교장,,,본교에서 분교장 데이터 포함하여 통합 공시
공립,2,충청북도 단양군,충청북도단양교육지원청,충청북도교육청,M100000060,Y,복식부기,,0,0,0,0,0,S110002321,0,M100000001,12,Y,영춘초등학교별방분교장,,,본교통합관리
공립,2,충청북도 보은군,충청북도보은교육지원청,충청북도교육청,M100000065,Y,복식부기,,0,0,0,0,0,S110002322,0,M100000001,12,Y,판동초등학교송죽분교장,,,예·결산 관리학교가 아니므로 제외함.
